,imp,col
34,0.07877444489788481,En_acc_Y
5,0.04702063644901506,var_acc_Y
26,0.045894421339275585,PB10-15acc_Y
33,0.042268442844350815,En_acc_X
6,0.04005162837321299,var_acc_xyz
14,0.037992403963469076,per_range_acc_Y
1,0.03559748505799751,max_acc_xyz
2,0.03454489264742193,min_acc_X
22,0.03344933235329029,PB10-15acc_X
19,0.03144616199386188,coef_acc_xy
12,0.02973245287226526,per75_acc_xyz
8,0.027683233980687793,per25_acc_X
28,0.026590277456133578,PB20-25acc_Y
32,0.025680907579587076,PB0-5acc_xyz
18,0.025196641963858825,RMS_acc_xyz
35,0.025090869376753387,En_acc_xyz
31,0.023805321610186038,PB15-20acc_Z
9,0.023489849435559897,per25_acc_xyz
11,0.023283202788345923,per75_acc_Y
13,0.02280093712008411,per_range_acc_X
16,0.022696250799220125,per_range_acc_xyz
17,0.02264645795812079,RMS_acc_X
27,0.02237032719929355,PB15-20acc_Y
21,0.022328643446417988,PB5-10acc_X
24,0.02135487496914542,PB20-25acc_X
7,0.020942279749729377,median_acc_X
30,0.020886221037616233,PB40-45acc_Y
0,0.020584772405260784,mean_acc_X
25,0.020545774262705197,PB40-45acc_X
23,0.02032271117866466,PB15-20acc_X
20,0.02016460343908944,PB0-5acc_X
3,0.019896259001068197,min_acc_Y
4,0.01772503941743268,var_acc_X
15,0.017212397031855446,per_range_acc_Z
10,0.017099403141333284,per75_acc_X
29,0.012830440859805007,PB30-35acc_Y
