,precision,recall,f1-score,support,sum_fit_time
others,0.985,0.99,0.987,10660,38.47408199310303
nod,0.96,0.935,0.947,1406,38.47408199310303
shake,0.96,0.949,0.955,1371,38.47408199310303
accuracy,0.98,0.98,0.98,0,38.47408199310303
macro avg,0.968,0.958,0.963,13437,38.47408199310303
weighted avg,0.98,0.98,0.98,13437,38.47408199310303
