{
    "192.168.2.37": {
        "Head": {
            "1640589457.5579412": 0,
            "1640589505.6317427": 0,
            "1640589512.7343512": 0,
            "1640589519.9084868": 0,
            "1640589526.9836516": 0,
            "1640589534.1337814": 0,
            "1640589541.2859535": 0,
            "1640589550.3517756": 0,
            "1640589557.3990393": 0,
            "1640589564.4718523": 0,
            "1640589571.5926433": 0,
            "1640589580.1538436": 0,
            "1640589587.5945215": 2,
            "1640589595.9158852": 2,
            "1640589603.0013578": 0,
            "1640589610.0696476": 0,
            "1640589617.1411266": 1,
            "1640589624.1940408": 1,
            "1640589631.2382872": 0,
            "1640589638.3147635": 1,
            "1640589645.3760626": 1,
            "1640589652.4210644": 2,
            "1640589659.4489393": 0,
            "1640589666.5362933": 1,
            "1640589673.6044388": 1,
            "1640589680.667687": 0,
            "1640589687.8159075": 1,
            "1640589694.9268563": 1,
            "1640589701.9799747": 0,
            "1640589709.037272": 0,
            "1640589716.0969093": 0,
            "1640589723.1800275": 0,
            "1640589730.2810075": 1,
            "1640589737.3346088": 1,
            "1640589744.380082": 0,
            "1640589751.4478092": 0,
            "1640589758.497904": 1,
            "1640589765.5535533": 1,
            "1640589772.6311884": 1,
            "1640589779.6694987": 1,
            "1640589786.7351372": 1,
            "1640589793.7869365": 0,
            "1640589800.9231489": 1,
            "1640589807.9842532": 1,
            "1640589815.0453765": 0,
            "1640589822.0987456": 0,
            "1640589829.155098": 0,
            "1640589836.2239373": 1,
            "1640589843.3120525": 0,
            "1640589850.4268827": 1,
            "1640589857.4713147": 1,
            "1640589864.5153863": 0,
            "1640589871.6143641": 1,
            "1640589878.758885": 1,
            "1640589885.8054519": 0,
            "1640589892.882979": 1,
            "1640589900.0838745": 1,
            "1640589907.2162106": 1,
            "1640589914.2993274": 1,
            "1640589921.3492367": 1,
            "1640589928.4050345": 1,
            "1640589935.4544845": 0,
            "1640589942.5228326": 1,
            "1640589949.5783477": 0,
            "1640589956.6709495": 0,
            "1640589963.7694747": 0,
            "1640589970.8406017": 0,
            "1640589977.9623866": 0,
            "1640589985.060095": 0,
            "1640589992.1463342": 0,
            "1640589999.2641926": 0,
            "1640590006.324822": 1,
            "1640590013.3728778": 1,
            "1640590020.4040604": 1,
            "1640590027.4554856": 0,
            "1640590034.5297756": 1,
            "1640590041.6161704": 1,
            "1640590048.7114577": 0
        },
        "Face": {
            "1640589457.5579412": "z",
            "1640589505.6317427": "e",
            "1640589512.7343512": "d",
            "1640589519.9084868": "d",
            "1640589526.9836516": "a",
            "1640589534.1337814": "e",
            "1640589541.2859535": "a",
            "1640589550.3517756": "e",
            "1640589557.3990393": "e",
            "1640589564.4718523": "d",
            "1640589571.5926433": "d",
            "1640589580.1538436": "a",
            "1640589587.5945215": "e",
            "1640589595.9158852": "e",
            "1640589603.0013578": "d",
            "1640589610.0696476": "d",
            "1640589617.1411266": "a",
            "1640589624.1940408": "d",
            "1640589631.2382872": "d",
            "1640589638.3147635": "d",
            "1640589645.3760626": "b",
            "1640589652.4210644": "a",
            "1640589659.4489393": "a",
            "1640589666.5362933": "b",
            "1640589673.6044388": "b",
            "1640589680.667687": "z",
            "1640589687.8159075": "d",
            "1640589694.9268563": "a",
            "1640589701.9799747": "a",
            "1640589709.037272": "b",
            "1640589716.0969093": "z",
            "1640589723.1800275": "z",
            "1640589730.2810075": "d",
            "1640589737.3346088": "b",
            "1640589744.380082": "a",
            "1640589751.4478092": "a",
            "1640589758.497904": "a",
            "1640589765.5535533": "a",
            "1640589772.6311884": "b",
            "1640589779.6694987": "b",
            "1640589786.7351372": "a",
            "1640589793.7869365": "a",
            "1640589800.9231489": "b",
            "1640589807.9842532": "b",
            "1640589815.0453765": "a",
            "1640589822.0987456": "z",
            "1640589829.155098": "a",
            "1640589836.2239373": "a",
            "1640589843.3120525": "z",
            "1640589850.4268827": "a",
            "1640589857.4713147": "d",
            "1640589864.5153863": "a",
            "1640589871.6143641": "b",
            "1640589878.758885": "a",
            "1640589885.8054519": "e",
            "1640589892.882979": "b",
            "1640589900.0838745": "a",
            "1640589907.2162106": "a",
            "1640589914.2993274": "c",
            "1640589921.3492367": "f",
            "1640589928.4050345": "b",
            "1640589935.4544845": "a",
            "1640589942.5228326": "a",
            "1640589949.5783477": "a",
            "1640589956.6709495": "a",
            "1640589963.7694747": "a",
            "1640589970.8406017": "b",
            "1640589977.9623866": "a",
            "1640589985.060095": "a",
            "1640589992.1463342": "a",
            "1640589999.2641926": "a",
            "1640590006.324822": "d",
            "1640590013.3728778": "a",
            "1640590020.4040604": "a",
            "1640590027.4554856": "a",
            "1640590034.5297756": "b",
            "1640590041.6161704": "b",
            "1640590048.7114577": "z"
        }
    },
    "192.168.2.92": {
        "Head": {
            "1640589534.1337814": 0,
            "1640589541.2849545": 0,
            "1640589550.3517756": 0,
            "1640589557.3990393": 0,
            "1640589564.4718523": 0,
            "1640589571.5926433": 0,
            "1640589580.1538436": 0,
            "1640589587.5945215": 0,
            "1640589595.9158852": 0,
            "1640589603.0013578": 0,
            "1640589610.0696476": 0,
            "1640589617.1411266": 0,
            "1640589624.1940408": 0,
            "1640589631.2382872": 0,
            "1640589638.3157651": 0,
            "1640589645.3760626": 0,
            "1640589652.4210644": 2,
            "1640589659.4489393": 1,
            "1640589666.5362933": 0,
            "1640589673.6044388": 0,
            "1640589680.667687": 0,
            "1640589687.8159075": 0,
            "1640589694.9268563": 0,
            "1640589701.9799747": 0,
            "1640589709.037272": 0,
            "1640589716.0969093": 2,
            "1640589723.1800275": 0,
            "1640589730.2810075": 0,
            "1640589737.3346088": 0,
            "1640589744.380082": 1,
            "1640589751.4478092": 1,
            "1640589758.497904": 0,
            "1640589765.5535533": 0,
            "1640589772.6311884": 0,
            "1640589779.6694987": 0,
            "1640589786.7351372": 0,
            "1640589793.7869365": 0,
            "1640589800.9231489": 1,
            "1640589807.9842532": 1,
            "1640589815.0453765": 1,
            "1640589822.0987456": 1,
            "1640589829.155098": 1,
            "1640589836.2239373": 0,
            "1640589843.3120525": 0,
            "1640589850.4268827": 0,
            "1640589857.4713147": 1,
            "1640589864.5153863": 0,
            "1640589871.6143641": 0,
            "1640589878.758885": 1,
            "1640589885.8054519": 0,
            "1640589892.882979": 0,
            "1640589900.0838745": 0,
            "1640589907.2162106": 1,