{
    "192.168.2.37": {
        "Head": {
            "1639978355.0590065": 1,
            "1639978362.1090486": 0,
            "1639978369.170188": 0,
            "1639978376.229574": 0,
            "1639978383.285577": 0,
            "1639978390.3484888": 0,
            "1639978397.413588": 0,
            "1639978404.4942648": 0,
            "1639978411.568599": 0,
            "1639978418.617611": 0,
            "1639978425.693618": 0,
            "1639978432.7651746": 0,
            "1639978439.8513346": 0,
            "1639978446.924754": 0,
            "1639978454.013104": 0,
            "1639978464.1206086": 0,
            "1639978471.201161": 0,
            "1639978478.2700624": 0,
            "1639978485.3798282": 0,
            "1639978495.6788034": 0,
            "1639978502.7809315": 0,
            "1639978509.8549366": 0,
            "1639978516.9107606": 0,
            "1639978523.9868176": 0,
            "1639978531.0727038": 0,
            "1639978538.1028602": 0,
            "1639978545.1809433": 0,
            "1639978552.2507396": 0,
            "1639978559.3802958": 0,
            "1639978566.45238": 0,
            "1639978573.533806": 0,
            "1639978580.6112432": 0,
            "1639978587.691079": 0,
            "1639978594.7588954": 0,
            "1639978601.8268971": 0,
            "1639978608.964192": 0,
            "1639978616.022953": 0,
            "1639978623.1010094": 0,
            "1639978630.1797743": 0,
            "1639978637.2618754": 0,
            "1639978644.3655436": 0,
            "1639978651.4281895": 0,
            "1639978658.526259": 0,
            "1639978665.5748088": 0,
            "1639978672.6503448": 0,
            "1639978679.7300644": 0,
            "1639978686.8219223": 0,
            "1639978693.8919685": 0,
            "1639978700.9799862": 0,
            "1639978708.0922081": 0,
            "1639978715.1688137": 0,
            "1639978722.2447424": 0,
            "1639978729.3228912": 0
        },
        "Face": {
            "1639978355.0590065": "b",
            "1639978362.1090486": "b",
            "1639978369.170188": "b",
            "1639978376.229574": "b",
            "1639978383.285577": "b",
            "1639978390.3484888": "b",
            "1639978397.413588": "b",
            "1639978404.4942648": "b",
            "1639978411.568599": "b",
            "1639978418.617611": "b",
            "1639978425.693618": "b",
            "1639978432.7651746": "b",
            "1639978439.8513346": "b",
            "1639978446.924754": "b",
            "1639978454.013104": "b",
            "1639978464.1206086": "b",
            "1639978471.201161": "b",
            "1639978478.2700624": "b",
            "1639978485.3798282": "b",
            "1639978495.6788034": "b",
            "1639978502.7809315": "b",
            "1639978509.8549366": "b",
            "1639978516.9107606": "b",
            "1639978523.9868176": "b",
            "1639978531.0727038": "b",
            "1639978538.1028602": "b",
            "1639978545.1809433": "b",
            "1639978552.2507396": "b",
            "1639978559.3802958": "b",
            "1639978566.45238": "b",
            "1639978573.533806": "e",
            "1639978580.6112432": "b",
            "1639978587.691079": "b",
            "1639978594.7588954": "b",
            "1639978601.8268971": "b",
            "1639978608.964192": "b",
            "1639978616.022953": "b",
            "1639978623.1010094": "b",
            "1639978630.1797743": "b",
            "1639978637.2618754": "b",
            "1639978644.3655436": "b",
            "1639978651.4281895": "b",
            "1639978658.526259": "b",
            "1639978665.5748088": "b",
            "1639978672.6503448": "b",
            "1639978679.7300644": "b",
            "1639978686.8219223": "b",
            "1639978693.8919685": "b",
            "1639978700.9799862": "b",
            "1639978708.0922081": "b",
            "1639978715.1688137": "b",
            "1639978722.2447424": "b",
            "1639978729.3228912": "b"
        }
    },
    "192.168.2.162": {
        "Head": {
            "1639978355.0590065": 0,
            "1639978362.1090486": 0,
            "1639978369.169191": 0,
            "1639978376.229574": 0,
            "1639978383.285577": 0,
            "1639978390.3484888": 0,
            "1639978397.413588": 0,
            "1639978404.4942648": 0,
            "1639978411.568599": 0,
            "1639978418.617611": 0,
            "1639978425.693618": 0,
            "1639978432.7651746": 0,
            "1639978439.8513346": 0,
            "1639978446.924754": 0,
            "1639978454.013104": 0,
            "1639978464.1206086": 0,
            "1639978471.201161": 0,
            "1639978478.2700624": 0,
            "1639978485.3798282": 0,
            "1639978495.6788034": 0,
            "1639978502.7809315": 0,
            "1639978509.8549366": 0,
            "1639978516.9117582": 0,
            "1639978523.9878168": 0,
            "1639978531.0727038": 1,
            "1639978538.1028602": 0,
            "1639978545.1809433": 0,
            "1639978552.2507396": 0,
            "1639978559.3802958": 0,
            "1639978566.45238": 0,
            "1639978573.533806": 0,
            "1639978580.6112432": 0,
            "1639978587.691079": 0,
            "1639978594.7588954": 0,
            "1639978601.8268971": 0,
            "1639978608.964192": 2,
            "1639978616.022953": 0,
            "1639978623.1010094": 0,
            "1639978630.1807725": 0,
            "1639978637.2618754": 0,
            "1639978644.3655436": 0,
            "1639978651.4281895": 0,
            "1639978658.526259": 1,
            "1639978665.5748088": 0,
            "1639978672.6503448": 0,
            "1639978679.7300644": 1,
            "1639978686.820919": 0,
            "1639978693.8919685": 0,
            "1639978700.9799862": 0,
            "1639978708.0922081": 0,
            "1639978715.1688137": 0,
            "1639978722.2447424": 0,
            "1639978729.3228912": 0
        },
        "Face": {
            "1639978355.0590065": "a",
            "1639978362.1090486": "e",
            "1639978369.169191": "a",
            "1639978376.229574": "e",
            "1639978383.285577": "a",
            "1639978390.3484888": "b",
            "1639978397.413588": "e",
            "1639978404.4942648": "e",
            "1639978411.568599": "a",
            "1639978418.617611": "e",
            "1639978425.693618": "e",
            "1639978432.7651746": "a",
            "1639978439.8513346": "e",
            "1639978446.924754": "e",
            "1639978454.013104": "e",
            "1639978464.1206086": "e",
            "1639978471.201161": "e",
            "1639978478.2700624": "e",
            "1639978485.3798282": "a",
            "1639978495.6788034": "e",
            "1639978502.7809315": "e",
            "1639978509.8549366": "e",
            "1639978516.9117582": "e",
            "1639978523.9878168": "e",
            "1639978531.0727038": "e",
            "1639978538.1028602": "e",
            "1639978545.1809433": "e",
            "1639978552.2507396": "e",
            "1639978559.3802958": "e",
            "1639978566.45238": "e",
            "1639978573.533806": "e",
            "1639978580.6112432": "e",
            "1639978587.691079": "e",
            "1639978594.7588954": "e",
            "1639978601.8268971": "a",
            "1639978608.964192": "e",
            "1639978616.022953": "e",
            "1639978623.1010094": "e",
            "1639978630.1807725": "e",
            "1639978637.2618754": "e",
            "1639978644.3655436": "e",
            "1639978651.4281895": "e",
            "1639978658.526259": "a",
            "1639978665.5748088": "a",
            "1639978672.6503448": "e",
            "1639978679.7300644": "e",
            "1639978686.820919": "a",
            "1639978693.8919685": "a",
            "1639978700.9799862": "e",