{
    "192.168.2.92": {
        "Head": {
            "1639982145.2351189": 1,
            "1639982152.534932": 1,
            "1639982159.7678123": 0,
            "1639982166.8499007": 0,
            "1639982174.3880162": 0,
            "1639982187.3680842": 0,
            "1639982194.449523": 0,
            "1639982201.5496163": 0,
            "1639982208.6252284": 0,
            "1639982215.7016466": 0,
            "1639982222.7817361": 0,
            "1639982229.8648686": 0,
            "1639982236.9333687": 0,
            "1639982244.0101683": 1,
            "1639982251.0981376": 1,
            "1639982258.5092878": 1,
            "1639982270.4818685": 2,
            "1639982277.5509243": 0,
            "1639982284.6319103": 1,
            "1639982291.8923144": 0,
            "1639982298.9702337": 0,
            "1639982306.0331957": 0,
            "1639982314.3445942": 1,
            "1639982321.4933264": 0,
            "1639982328.5765038": 0,
            "1639982335.6577475": 0,
            "1639982342.7401757": 1,
            "1639982349.823234": 0,
            "1639982356.9312797": 1,
            "1639982363.9863691": 1,
            "1639982371.0426757": 1,
            "1639982378.092827": 1,
            "1639982385.1695094": 0,
            "1639982392.2438238": 0,
            "1639982399.3354743": 1,
            "1639982406.3880622": 0,
            "1639982413.4417398": 0,
            "1639982420.5239613": 0,
            "1639982427.6171305": 0,
            "1639982434.697083": 0,
            "1639982441.795121": 0,
            "1639982448.8854947": 1,
            "1639982455.9458358": 0,
            "1639982463.018962": 1,
            "1639982470.069232": 0,
            "1639982477.1352754": 0,
            "1639982484.2158525": 0,
            "1639982491.2951224": 1,
            "1639982498.348913": 0,
            "1639982505.418407": 1,
            "1639982512.4690113": 0,
            "1639982519.560697": 1,
            "1639982526.6844623": 0,
            "1639982533.8235648": 0
        },
        "Face": {
            "1639982145.2351189": "b",
            "1639982152.534932": "d",
            "1639982159.7678123": "d",
            "1639982166.8499007": "d",
            "1639982174.3880162": "a",
            "1639982187.3680842": "a",
            "1639982194.449523": "d",
            "1639982201.5496163": "d",
            "1639982208.6252284": "b",
            "1639982215.7016466": "d",
            "1639982222.7817361": "d",
            "1639982229.8648686": "b",
            "1639982236.9333687": "b",
            "1639982244.0101683": "b",
            "1639982251.0981376": "e",
            "1639982258.5092878": "a",
            "1639982270.4818685": "a",
            "1639982277.5509243": "d",
            "1639982284.6319103": "d",
            "1639982291.8923144": "d",
            "1639982298.9702337": "d",
            "1639982306.0331957": "d",
            "1639982314.3445942": "a",
            "1639982321.4933264": "a",
            "1639982328.5765038": "e",
            "1639982335.6577475": "e",
            "1639982342.7401757": "d",
            "1639982349.823234": "d",
            "1639982356.9312797": "b",
            "1639982363.9863691": "a",
            "1639982371.0426757": "e",
            "1639982378.092827": "a",
            "1639982385.1695094": "e",
            "1639982392.2438238": "e",
            "1639982399.3354743": "b",
            "1639982406.3880622": "e",
            "1639982413.4417398": "a",
            "1639982420.5239613": "a",
            "1639982427.6171305": "z",
            "1639982434.697083": "b",
            "1639982441.795121": "b",
            "1639982448.8854947": "b",
            "1639982455.9458358": "e",
            "1639982463.018962": "a",
            "1639982470.069232": "a",
            "1639982477.1352754": "d",
            "1639982484.2158525": "b",
            "1639982491.2951224": "a",
            "1639982498.348913": "a",
            "1639982505.418407": "e",
            "1639982512.4690113": "e",
            "1639982519.560697": "e",
            "1639982526.6844623": "e",
            "1639982533.8235648": "a"
        }
    },
    "192.168.2.37": {
        "Head": {
            "1639982145.2351189": 1,
            "1639982152.534932": 0,
            "1639982159.7678123": 0,
            "1639982166.8499007": 0,
            "1639982174.3880162": 0,
            "1639982187.3680842": 0,
            "1639982194.449523": 0,
            "1639982201.5496163": 0,
            "1639982208.6262498": 0,
            "1639982215.7016466": 0,
            "1639982222.7817361": 0,
            "1639982229.8648686": 0,
            "1639982236.9333687": 0,
            "1639982244.0101683": 0,
            "1639982251.0981376": 0,
            "1639982258.5092878": 0,
            "1639982270.4818685": 0,
            "1639982277.5509243": 0,
            "1639982284.6319103": 0,
            "1639982291.8923144": 0,
            "1639982298.9702337": 0,
            "1639982306.0331957": 0,
            "1639982314.3445942": 0,
            "1639982321.4933264": 0,
            "1639982328.5765038": 0,
            "1639982335.6577475": 0,
            "1639982342.7401757": 0,
            "1639982349.823234": 0,
            "1639982356.9312797": 0,
            "1639982363.9863691": 0,
            "1639982371.0426757": 0,
            "1639982378.092827": 0,
            "1639982385.1695094": 0,
            "1639982392.2438238": 0,
            "1639982399.3354743": 0,
            "1639982406.3880622": 0,
            "1639982413.4417398": 0,
            "1639982420.5239613": 0,
            "1639982427.6171305": 0,
            "1639982434.697083": 0,
            "1639982441.795121": 0,
            "1639982448.8854947": 0,
            "1639982455.9458358": 0,
            "1639982463.018962": 0,
            "1639982470.069232": 0,
            "1639982477.1352754": 0,
            "1639982484.2158525": 0,
            "1639982491.2951224": 0,
            "1639982498.348913": 0,
            "1639982505.418407": 0,
            "1639982512.4690113": 0,
            "1639982519.560697": 0,
            "1639982526.6844623": 0,
            "1639982533.8235648": 0
        },
        "Face": {
            "1639982145.2351189": "b",
            "1639982152.534932": "b",
            "1639982159.7678123": "b",
            "1639982166.8499007": "b",
            "1639982174.3880162": "b",
            "1639982187.3680842": "b",
            "1639982194.449523": "b",
            "1639982201.5496163": "b",
            "1639982208.6262498": "d",
            "1639982215.7016466": "d",
            "1639982222.7817361": "b",
            "1639982229.8648686": "d",
            "1639982236.9333687": "d",
            "1639982244.0101683": "d",
            "1639982251.0981376": "d",
            "1639982258.5092878": "d",
            "1639982270.4818685": "d",
            "1639982277.5509243": "b",
            "1639982284.6319103": "b",
            "1639982291.8923144": "d",
            "1639982298.9702337": "d",
            "1639982306.0331957": "b",
            "1639982314.3445942": "b",
            "1639982321.4933264": "d",
            "1639982328.5765038": "d",
            "1639982335.6577475": "d",
            "1639982342.7401757": "d",
            "1639982349.823234": "b",
            "1639982356.9312797": "b",
            "1639982363.9863691": "d",
            "1639982371.0426757": "d",
            "1639982378.092827": "d",
            "1639982385.1695094": "d",
            "1639982392.2438238": "d",
            "1639982399.3354743": "b",
            "1639982406.3880622": "b",
            "1639982413.4417398": "b",
            "1639982420.5239613": "b",
            "1639982427.6171305": "b",
            "1639982434.697083": "b",
            "1639982441.795121": "b",
            "1639982448.8854947": "b",
            "1639982455.9458358": "b",
            "1639982463.018962": "b",
            "1639982470.069232": "b",