{
    "192.168.2.37": {
        "Head": {
            "1640131914.9393892": 1,
            "1640131921.9835124": 0,
            "1640131929.0436585": 1,
            "1640131936.0837312": 0,
            "1640131943.144337": 0,
            "1640131950.2121375": 0,
            "1640131957.2975366": 1,
            "1640131964.3463402": 0,
            "1640131971.4167526": 1,
            "1640131978.4638605": 0,
            "1640131985.506888": 0,
            "1640131992.5450852": 0,
            "1640131999.620029": 0,
            "1640132006.7016468": 0,
            "1640132013.7743516": 0,
            "1640132020.8523955": 0,
            "1640132027.9141345": 0,
            "1640132034.9732754": 0,
            "1640132042.0428026": 0,
            "1640132049.123518": 0,
            "1640132056.1922998": 0,
            "1640132063.2687414": 0,
            "1640132070.3295505": 0,
            "1640132077.3648436": 0,
            "1640132084.4265063": 0,
            "1640132091.4702668": 0,
            "1640132098.5396082": 0,
            "1640132105.60888": 0,
            "1640132112.644766": 0,
            "1640132119.7057512": 0,
            "1640132126.7883527": 0,
            "1640132133.8568118": 0,
            "1640132140.933909": 0,
            "1640132147.998185": 0,
            "1640132155.0652938": 0,
            "1640132162.1308365": 0,
            "1640132169.2045295": 0,
            "1640132176.2857912": 0,
            "1640132183.3461688": 0,
            "1640132190.4187558": 0,
            "1640132197.4768357": 0,
            "1640132204.517224": 1,
            "1640132211.5666606": 0,
            "1640132218.597425": 0,
            "1640132225.6369302": 0,
            "1640132232.6988792": 0,
            "1640132239.7726445": 0,
            "1640132246.8495495": 0,
            "1640132253.8986337": 0,
            "1640132260.9717004": 0,
            "1640132268.0293722": 1,
            "1640132275.1028688": 1
        },
        "Face": {
            "1640131914.9393892": "e",
            "1640131921.9835124": "b",
            "1640131929.0436585": "e",
            "1640131936.0837312": "e",
            "1640131943.144337": "e",
            "1640131950.2121375": "e",
            "1640131957.2975366": "e",
            "1640131964.3463402": "e",
            "1640131971.4167526": "e",
            "1640131978.4638605": "e",
            "1640131985.506888": "e",
            "1640131992.5450852": "e",
            "1640131999.620029": "e",
            "1640132006.7016468": "e",
            "1640132013.7743516": "e",
            "1640132020.8523955": "e",
            "1640132027.9141345": "e",
            "1640132034.9732754": "e",
            "1640132042.0428026": "b",
            "1640132049.123518": "e",
            "1640132056.1922998": "e",
            "1640132063.2687414": "e",
            "1640132070.3295505": "e",
            "1640132077.3648436": "e",
            "1640132084.4265063": "e",
            "1640132091.4702668": "e",
            "1640132098.5396082": "e",
            "1640132105.60888": "e",
            "1640132112.644766": "e",
            "1640132119.7057512": "e",
            "1640132126.7883527": "e",
            "1640132133.8568118": "e",
            "1640132140.933909": "e",
            "1640132147.998185": "e",
            "1640132155.0652938": "e",
            "1640132162.1308365": "e",
            "1640132169.2045295": "e",
            "1640132176.2857912": "e",
            "1640132183.3461688": "e",
            "1640132190.4187558": "e",
            "1640132197.4768357": "b",
            "1640132204.517224": "e",
            "1640132211.5666606": "e",
            "1640132218.597425": "e",
            "1640132225.6369302": "e",
            "1640132232.6988792": "e",
            "1640132239.7726445": "b",
            "1640132246.8495495": "e",
            "1640132253.8986337": "e",
            "1640132260.9717004": "e",
            "1640132268.0293722": "e",
            "1640132275.1028688": "e"
        }
    },
    "192.168.2.162": {
        "Head": {
            "1640131914.9393892": 1,
            "1640131921.9835124": 0,
            "1640131929.0436585": 1,
            "1640131936.0837312": 0,
            "1640131943.144337": 0,
            "1640131950.2121375": 0,
            "1640131957.2975366": 0,
            "1640131964.3463402": 0,
            "1640131971.4167526": 0,
            "1640131978.4638605": 1,
            "1640131985.506888": 2,
            "1640131992.5450852": 0,
            "1640131999.620029": 0,
            "1640132006.7016468": 0,
            "1640132013.7743516": 0,
            "1640132020.8523955": 0,
            "1640132027.9141345": 0,
            "1640132034.9732754": 0,
            "1640132042.0438": 0,
            "1640132049.123518": 0,
            "1640132056.1922998": 0,
            "1640132063.2687414": 1,
            "1640132070.3295505": 1,
            "1640132077.3648436": 0,
            "1640132084.4265063": 2,
            "1640132091.4702668": 0,
            "1640132098.5396082": 1,
            "1640132105.60888": 1,
            "1640132112.644766": 0,
            "1640132119.7057512": 0,
            "1640132126.7883527": 0,
            "1640132133.8568118": 0,
            "1640132140.9329119": 0,
            "1640132147.998185": 0,
            "1640132155.0652938": 0,
            "1640132162.1308365": 0,
            "1640132169.2045295": 0,
            "1640132176.2857912": 1,
            "1640132183.3461688": 0,
            "1640132190.4187558": 1,
            "1640132197.4768357": 1,
            "1640132204.517224": 0,
            "1640132211.5666606": 1,
            "1640132218.597425": 1,
            "1640132225.6369302": 0,
            "1640132232.6988792": 0,
            "1640132239.7726445": 0,
            "1640132246.8495495": 1,
            "1640132253.8986337": 0,
            "1640132260.9726956": 0,
            "1640132268.0293722": 1,
            "1640132275.1028688": 0
        },
        "Face": {
            "1640131914.9393892": "b",
            "1640131921.9835124": "d",
            "1640131929.0436585": "d",
            "1640131936.0837312": "b",
            "1640131943.144337": "b",
            "1640131950.2121375": "b",
            "1640131957.2975366": "b",
            "1640131964.3463402": "a",
            "1640131971.4167526": "a",
            "1640131978.4638605": "d",
            "1640131985.506888": "a",
            "1640131992.5450852": "a",
            "1640131999.620029": "b",
            "1640132006.7016468": "a",
            "1640132013.7743516": "a",
            "1640132020.8523955": "a",
            "1640132027.9141345": "a",
            "1640132034.9732754": "a",
            "1640132042.0438": "a",
            "1640132049.123518": "a",
            "1640132056.1922998": "e",
            "1640132063.2687414": "a",
            "1640132070.3295505": "a",
            "1640132077.3648436": "a",
            "1640132084.4265063": "b",
            "1640132091.4702668": "f",
            "1640132098.5396082": "e",
            "1640132105.60888": "a",
            "1640132112.644766": "e",
            "1640132119.7057512": "a",
            "1640132126.7883527": "a",
            "1640132133.8568118": "a",
            "1640132140.9329119": "a",
            "1640132147.998185": "a",
            "1640132155.0652938": "b",
            "1640132162.1308365": "e",
            "1640132169.2045295": "e",
            "1640132176.2857912": "b",
            "1640132183.3461688": "b",
            "1640132190.4187558": "b",
            "1640132197.4768357": "e",
            "1640132204.517224": "b",
            "1640132211.5666606": "b",
            "1640132218.597425": "b",
            "1640132225.6369302": "b",
            "1640132232.6988792": "a",
            "1640132239.7726445": "a",
            "1640132246.8495495": "d",
            "1640132253.8986337": "e",
            "1640132260.9726956": "a",
            "1640132268.0293722": "a",