{
    "192.168.2.87": {
        "Head": {
            "1639901093.9964242": 0
        },
        "Face": {
            "1639901093.9964242": "e"
        }
    },
    "192.168.2.162": {
        "Head": {
            "1639901093.9964242": 2,
            "1639901101.057716": 0,
            "1639901108.1279273": 0,
            "1639901115.2007658": 0,
            "1639901122.2680051": 0,
            "1639901129.3398726": 0,
            "1639901157.4822598": 0,
            "1639901164.5423574": 0,
            "1639901171.6164012": 0,
            "1639901178.6782458": 0,
            "1639901185.7718718": 0,
            "1639901192.9242852": 0,
            "1639901200.2613964": 0,
            "1639901210.0223799": 0,
            "1639901217.1395543": 0,
            "1639901224.2613413": 0,
            "1639901231.332957": 0,
            "1639901238.4155478": 0,
            "1639901245.5057166": 0,
            "1639901252.5704036": 0,
            "1639901259.6508684": 0,
            "1639901266.7430196": 0,
            "1639901273.812496": 0,
            "1639901280.885213": 0,
            "1639901287.9514613": 0,
            "1639901295.0243776": 0,
            "1639901302.1031952": 0,
            "1639901309.156338": 0,
            "1639901316.2507043": 0,
            "1639901323.3160982": 0,
            "1639901330.374948": 0,
            "1639901337.4488132": 0,
            "1639901344.5216153": 0,
            "1639901351.6190567": 0,
            "1639901358.6982212": 0,
            "1639901365.7571952": 0,
            "1639901372.83451": 0,
            "1639901379.8989856": 0,
            "1639901386.9859505": 0,
            "1639901394.059378": 0,
            "1639901401.1113622": 0,
            "1639901408.1767447": 0
        },
        "Face": {
            "1639901093.9964242": "b",
            "1639901101.057716": "z",
            "1639901108.1279273": "z",
            "1639901115.2007658": "z",
            "1639901122.2680051": "z",
            "1639901129.3398726": "z",
            "1639901157.4822598": "z",
            "1639901164.5423574": "z",
            "1639901171.6164012": "b",
            "1639901178.6782458": "z",
            "1639901185.7718718": "a",
            "1639901192.9242852": "z",
            "1639901200.2613964": "z",
            "1639901210.0223799": "z",
            "1639901217.1395543": "z",
            "1639901224.2613413": "z",
            "1639901231.332957": "z",
            "1639901238.4155478": "z",
            "1639901245.5057166": "z",
            "1639901252.5704036": "z",
            "1639901259.6508684": "z",
            "1639901266.7430196": "z",
            "1639901273.812496": "z",
            "1639901280.885213": "z",
            "1639901287.9514613": "z",
            "1639901295.0243776": "z",
            "1639901302.1031952": "z",
            "1639901309.156338": "z",
            "1639901316.2507043": "z",
            "1639901323.3160982": "z",
            "1639901330.374948": "z",
            "1639901337.4488132": "z",
            "1639901344.5216153": "z",
            "1639901351.6190567": "z",
            "1639901358.6982212": "z",
            "1639901365.7571952": "z",
            "1639901372.83451": "z",
            "1639901379.8989856": "z",
            "1639901386.9859505": "z",
            "1639901394.059378": "z",
            "1639901401.1113622": "c",
            "1639901408.1767447": "b"
        }
    },
    "192.168.2.111": {
        "Head": {
            "1639901093.9964242": 1,
            "1639901101.057716": 1,
            "1639901108.1279273": 1,
            "1639901115.2007658": 1,
            "1639901122.2680051": 0,
            "1639901129.3398726": 0,
            "1639901157.4822598": 1,
            "1639901164.5423574": 0,
            "1639901171.6164012": 1,
            "1639901178.6782458": 0,
            "1639901185.7718718": 0,
            "1639901192.9242852": 0,
            "1639901200.2613964": 0,
            "1639901210.0223799": 0,
            "1639901217.1395543": 0,
            "1639901224.2613413": 0,
            "1639901231.332957": 0,
            "1639901238.4155478": 0,
            "1639901245.5057166": 0,
            "1639901252.5704036": 0,
            "1639901259.6508684": 0,
            "1639901266.7430196": 0,
            "1639901273.812496": 0,
            "1639901280.885213": 0,
            "1639901287.9514613": 0,
            "1639901295.0243776": 0,
            "1639901302.1031952": 0,
            "1639901309.156338": 0,
            "1639901316.2507043": 0,
            "1639901323.3160982": 0,
            "1639901330.374948": 0,
            "1639901337.4488132": 0,
            "1639901344.5216153": 0,
            "1639901351.6190567": 1,
            "1639901358.6982212": 0,
            "1639901365.7571952": 0,
            "1639901372.83451": 0,
            "1639901379.8989856": 0,
            "1639901386.9859505": 0,
            "1639901394.059378": 0,
            "1639901401.1113622": 1,
            "1639901408.1767447": 0
        },
        "Face": {
            "1639901093.9964242": "b",
            "1639901101.057716": "b",
            "1639901108.1279273": "e",
            "1639901115.2007658": "b",
            "1639901122.2680051": "b",
            "1639901129.3398726": "e",
            "1639901157.4822598": "e",
            "1639901164.5423574": "b",
            "1639901171.6164012": "e",
            "1639901178.6782458": "b",
            "1639901185.7718718": "b",
            "1639901192.9242852": "b",
            "1639901200.2613964": "e",
            "1639901210.0223799": "e",
            "1639901217.1395543": "e",
            "1639901224.2613413": "e",
            "1639901231.332957": "e",
            "1639901238.4155478": "e",
            "1639901245.5057166": "e",
            "1639901252.5704036": "e",
            "1639901259.6508684": "e",
            "1639901266.7430196": "b",
            "1639901273.812496": "b",
            "1639901280.885213": "e",
            "1639901287.9514613": "e",
            "1639901295.0243776": "e",
            "1639901302.1031952": "e",
            "1639901309.156338": "e",
            "1639901316.2507043": "e",
            "1639901323.3160982": "b",
            "1639901330.374948": "e",
            "1639901337.4488132": "e",
            "1639901344.5216153": "e",
            "1639901351.6190567": "e",
            "1639901358.6982212": "e",
            "1639901365.7571952": "e",
            "1639901372.83451": "e",
            "1639901379.8989856": "a",
            "1639901386.9859505": "b",
            "1639901394.059378": "e",
            "1639901401.1113622": "b",
            "1639901408.1767447": "b"
        }
    }
}