{
    "192.168.2.92": {
        "Head": {
            "1640593465.1178222": 2,
            "1640593472.170489": 2,
            "1640593479.2400384": 2,
            "1640593486.3151448": 0,
            "1640593493.380697": 2,
            "1640593500.421534": 0,
            "1640593507.467438": 0,
            "1640593514.5267396": 0,
            "1640593521.5832763": 0,
            "1640593528.6336403": 0,
            "1640593535.6802843": 1,
            "1640593542.7426996": 1,
            "1640593549.800405": 1,
            "1640593556.847477": 1,
            "1640593563.9236672": 1,
            "1640593570.9745874": 0,
            "1640593578.0218754": 1,
            "1640593585.077297": 1,
            "1640593592.1212702": 0,
            "1640593599.2396994": 0,
            "1640593606.2870238": 0,
            "1640593613.3421311": 0,
            "1640593620.4186997": 0,
            "1640593627.4986677": 0,
            "1640593634.5562153": 1,
            "1640593641.6004877": 0,
            "1640593648.676327": 0,
            "1640593655.7395525": 1,
            "1640593662.8000576": 1,
            "1640593669.91923": 0,
            "1640593676.963949": 0,
            "1640593684.041575": 0,
            "1640593691.0894973": 0,
            "1640593698.1337066": 1,
            "1640593705.2007492": 0,
            "1640593712.2622402": 0,
            "1640593719.4165428": 1,
            "1640593726.4887662": 0,
            "1640593733.558777": 1,
            "1640593740.5990403": 0,
            "1640593747.6520643": 1,
            "1640593754.697001": 1,
            "1640593761.7622545": 1,
            "1640593768.8317552": 1,
            "1640593775.873706": 0,
            "1640593782.9201334": 0,
            "1640593789.9838185": 0,
            "1640593797.0229301": 1,
            "1640593804.1107724": 0,
            "1640593811.1569452": 1,
            "1640593818.2305052": 1,
            "1640593825.2661507": 0,
            "1640593832.3369865": 1,
            "1640593839.3967342": 0,
            "1640593846.453425": 0,
            "1640593853.4998484": 0,
            "1640593860.5760741": 0,
            "1640593867.6554942": 0,
            "1640593874.7419643": 0,
            "1640593881.7960908": 0
        },
        "Face": {
            "1640593465.1178222": "b",
            "1640593472.170489": "b",
            "1640593479.2400384": "a",
            "1640593486.3151448": "a",
            "1640593493.380697": "a",
            "1640593500.421534": "b",
            "1640593507.467438": "b",
            "1640593514.5267396": "b",
            "1640593521.5832763": "b",
            "1640593528.6336403": "b",
            "1640593535.6802843": "z",
            "1640593542.7426996": "b",
            "1640593549.800405": "b",
            "1640593556.847477": "b",
            "1640593563.9236672": "b",
            "1640593570.9745874": "a",
            "1640593578.0218754": "a",
            "1640593585.077297": "b",
            "1640593592.1212702": "b",
            "1640593599.2396994": "a",
            "1640593606.2870238": "b",
            "1640593613.3421311": "a",
            "1640593620.4186997": "a",
            "1640593627.4986677": "a",
            "1640593634.5562153": "b",
            "1640593641.6004877": "a",
            "1640593648.676327": "a",
            "1640593655.7395525": "a",
            "1640593662.8000576": "a",
            "1640593669.91923": "b",
            "1640593676.963949": "a",
            "1640593684.041575": "a",
            "1640593691.0894973": "b",
            "1640593698.1337066": "b",
            "1640593705.2007492": "a",
            "1640593712.2622402": "a",
            "1640593719.4165428": "b",
            "1640593726.4887662": "a",
            "1640593733.558777": "a",
            "1640593740.5990403": "a",
            "1640593747.6520643": "a",
            "1640593754.697001": "a",
            "1640593761.7622545": "a",
            "1640593768.8317552": "a",
            "1640593775.873706": "a",
            "1640593782.9201334": "a",
            "1640593789.9838185": "a",
            "1640593797.0229301": "a",
            "1640593804.1107724": "a",
            "1640593811.1569452": "a",
            "1640593818.2305052": "b",
            "1640593825.2661507": "b",
            "1640593832.3369865": "b",
            "1640593839.3967342": "b",
            "1640593846.453425": "a",
            "1640593853.4998484": "b",
            "1640593860.5760741": "b",
            "1640593867.6554942": "b",
            "1640593874.7419643": "a",
            "1640593881.7960908": "z"
        }
    },
    "192.168.2.162": {
        "Head": {
            "1640593465.1178222": 0,
            "1640593472.170489": 0,
            "1640593479.2400384": 0,
            "1640593486.3151448": 0,
            "1640593493.380697": 0,
            "1640593500.421534": 0,
            "1640593507.467438": 0,
            "1640593514.5267396": 0,
            "1640593521.5832763": 0,
            "1640593528.6336403": 0,
            "1640593535.6802843": 0,
            "1640593542.7426996": 0,
            "1640593549.800405": 0,
            "1640593556.847477": 0,
            "1640593563.9236672": 0,
            "1640593570.9745874": 0,
            "1640593578.0218754": 0,
            "1640593585.077297": 0,
            "1640593592.1212702": 0,
            "1640593599.2396994": 0,
            "1640593606.2870238": 0,
            "1640593613.3421311": 0,
            "1640593620.4186997": 0,
            "1640593627.4986677": 0,
            "1640593634.5562153": 0,
            "1640593641.6004877": 0,
            "1640593648.676327": 0,
            "1640593655.7395525": 0,
            "1640593662.8000576": 0,
            "1640593669.91923": 0,
            "1640593676.963949": 0,
            "1640593684.041575": 0,
            "1640593691.0894973": 0,
            "1640593698.1337066": 0,
            "1640593705.2007492": 0,
            "1640593712.2622402": 0,
            "1640593719.4165428": 0,
            "1640593726.4887662": 0,
            "1640593733.558777": 0,
            "1640593740.5990403": 0,
            "1640593747.6520643": 0,
            "1640593754.6980016": 0,
            "1640593761.7622545": 0,
            "1640593768.8317552": 0,
            "1640593775.873706": 0,
            "1640593782.9201334": 0,
            "1640593789.9838185": 0,
            "1640593797.0229301": 0,
            "1640593804.1107724": 0,
            "1640593811.1569452": 0,
            "1640593818.2305052": 0,
            "1640593825.2661507": 0,
            "1640593832.3369865": 0,
            "1640593839.3967342": 0,
            "1640593846.453425": 0,
            "1640593853.4998484": 0,
            "1640593860.5760741": 0,
            "1640593867.6554942": 0,
            "1640593874.740979": 0
        },
        "Face": {
            "1640593465.1178222": "b",
            "1640593472.170489": "a",
            "1640593479.2400384": "b",
            "1640593486.3151448": "b",
            "1640593493.380697": "b",
            "1640593500.421534": "b",
            "1640593507.467438": "b",
            "1640593514.5267396": "b",
            "1640593521.5832763": "b",
            "1640593528.6336403": "b",
            "1640593535.6802843": "b",
            "1640593542.7426996": "b",
            "1640593549.800405": "b",
            "1640593556.847477": "b",
            "1640593563.9236672": "b",
            "1640593570.9745874": "b",
            "1640593578.0218754": "b",
            "1640593585.077297": "b",
            "1640593592.1212702": "b",
            "1640593599.2396994": "b",
            "1640593606.2870238": "b",
            "1640593613.3421311": "b",
            "1640593620.4186997": "b",
            "1640593627.4986677": "b",
            "1640593634.5562153": "e",
            "1640593641.6004877": "a",
            "1640593648.676327": "b",
            "1640593655.7395525": "b",
            "1640593662.8000576": "b",