{
    "192.168.2.92": {
        "Head": {
            "1640135326.1665564": 1,
            "1640135333.2109544": 0,
            "1640135340.2795649": 0,
            "1640135347.3895721": 0,
            "1640135354.471304": 0,
            "1640135361.5407116": 0,
            "1640135368.6158378": 0,
            "1640135375.7075598": 0,
            "1640135382.7710326": 0,
            "1640135389.8391962": 0,
            "1640135396.9154906": 0,
            "1640135403.978576": 0,
            "1640135411.0629373": 0,
            "1640135418.174694": 0,
            "1640135425.270683": 0,
            "1640135432.350206": 0,
            "1640135439.4296544": 0,
            "1640135446.5320733": 0,
            "1640135453.613269": 0,
            "1640135460.6836946": 0,
            "1640135467.7661166": 0,
            "1640135474.8354578": 0,
            "1640135481.8890977": 0,
            "1640135488.9613233": 0,
            "1640135496.1020725": 0,
            "1640135503.1836753": 0,
            "1640135510.2626152": 0,
            "1640135517.3276794": 0,
            "1640135524.399305": 0,
            "1640135531.4615927": 0,
            "1640135538.5388541": 0,
            "1640135545.5936737": 0,
            "1640135552.6614225": 0,
            "1640135559.7375488": 0,
            "1640135566.8165867": 0,
            "1640135573.8773735": 0,
            "1640135580.9634974": 0,
            "1640135588.0738642": 0,
            "1640135595.1450984": 0,
            "1640135602.2181003": 0,
            "1640135609.2898786": 0,
            "1640135616.364106": 0,
            "1640135623.4329123": 0,
            "1640135630.4978998": 0,
            "1640135637.5627046": 0,
            "1640135644.627122": 0,
            "1640135651.699932": 0,
            "1640135658.7633538": 0
        },
        "Face": {
            "1640135326.1665564": "b",
            "1640135333.2109544": "z",
            "1640135340.2795649": "d",
            "1640135347.3895721": "d",
            "1640135354.471304": "d",
            "1640135361.5407116": "d",
            "1640135368.6158378": "e",
            "1640135375.7075598": "d",
            "1640135382.7710326": "d",
            "1640135389.8391962": "e",
            "1640135396.9154906": "b",
            "1640135403.978576": "d",
            "1640135411.0629373": "d",
            "1640135418.174694": "d",
            "1640135425.270683": "d",
            "1640135432.350206": "d",
            "1640135439.4296544": "d",
            "1640135446.5320733": "d",
            "1640135453.613269": "e",
            "1640135460.6836946": "d",
            "1640135467.7661166": "d",
            "1640135474.8354578": "d",
            "1640135481.8890977": "d",
            "1640135488.9613233": "d",
            "1640135496.1020725": "d",
            "1640135503.1836753": "d",
            "1640135510.2626152": "d",
            "1640135517.3276794": "e",
            "1640135524.399305": "a",
            "1640135531.4615927": "e",
            "1640135538.5388541": "a",
            "1640135545.5936737": "d",
            "1640135552.6614225": "a",
            "1640135559.7375488": "d",
            "1640135566.8165867": "d",
            "1640135573.8773735": "d",
            "1640135580.9634974": "d",
            "1640135588.0738642": "d",
            "1640135595.1450984": "b",
            "1640135602.2181003": "d",
            "1640135609.2898786": "d",
            "1640135616.364106": "d",
            "1640135623.4329123": "z",
            "1640135630.4978998": "a",
            "1640135637.5627046": "z",
            "1640135644.627122": "z",
            "1640135651.699932": "z",
            "1640135658.7633538": "a"
        }
    },
    "192.168.2.37": {
        "Head": {
            "1640135326.1665564": 1,
            "1640135333.2109544": 0,
            "1640135340.2795649": 0,
            "1640135347.3895721": 0,
            "1640135354.471304": 0,
            "1640135361.5407116": 0,
            "1640135368.6158378": 0,
            "1640135375.7075598": 0,
            "1640135382.7710326": 0,
            "1640135389.8391962": 0,
            "1640135396.9154906": 0,
            "1640135403.978576": 0,
            "1640135411.0629373": 0,
            "1640135418.174694": 0,
            "1640135425.270683": 0,
            "1640135432.350206": 0,
            "1640135439.4296544": 0,
            "1640135446.5320733": 0,
            "1640135453.613269": 0,
            "1640135460.6836946": 0,
            "1640135467.7661166": 0,
            "1640135474.8354578": 1,
            "1640135481.8890977": 0,
            "1640135488.9613233": 0,
            "1640135496.1020725": 0,
            "1640135503.1836753": 0,
            "1640135510.2626152": 0,
            "1640135517.3276794": 0,
            "1640135524.399305": 0,
            "1640135531.4626124": 0,
            "1640135538.5388541": 0,
            "1640135545.5936737": 0,
            "1640135552.6614225": 0,
            "1640135559.7375488": 0,
            "1640135566.8165867": 0,
            "1640135573.8773735": 0,
            "1640135580.9634974": 0,
            "1640135588.0738642": 0,
            "1640135595.1450984": 0,
            "1640135602.2181003": 0,
            "1640135609.2898786": 0,
            "1640135616.364106": 0,
            "1640135623.4329123": 0,
            "1640135630.4978998": 0,
            "1640135637.5627046": 0,
            "1640135644.627122": 0,
            "1640135651.699932": 1,
            "1640135658.7633538": 0
        },
        "Face": {
            "1640135326.1665564": "b",
            "1640135333.2109544": "e",
            "1640135340.2795649": "e",
            "1640135347.3895721": "e",
            "1640135354.471304": "e",
            "1640135361.5407116": "e",
            "1640135368.6158378": "e",
            "1640135375.7075598": "e",
            "1640135382.7710326": "e",
            "1640135389.8391962": "e",
            "1640135396.9154906": "e",
            "1640135403.978576": "e",
            "1640135411.0629373": "e",
            "1640135418.174694": "e",
            "1640135425.270683": "e",
            "1640135432.350206": "e",
            "1640135439.4296544": "e",
            "1640135446.5320733": "e",
            "1640135453.613269": "e",
            "1640135460.6836946": "e",
            "1640135467.7661166": "e",
            "1640135474.8354578": "e",
            "1640135481.8890977": "e",
            "1640135488.9613233": "e",
            "1640135496.1020725": "e",
            "1640135503.1836753": "e",
            "1640135510.2626152": "e",
            "1640135517.3276794": "e",
            "1640135524.399305": "e",
            "1640135531.4626124": "e",
            "1640135538.5388541": "e",
            "1640135545.5936737": "e",
            "1640135552.6614225": "e",
            "1640135559.7375488": "e",
            "1640135566.8165867": "e",
            "1640135573.8773735": "e",
            "1640135580.9634974": "e",
            "1640135588.0738642": "e",
            "1640135595.1450984": "e",
            "1640135602.2181003": "e",
            "1640135609.2898786": "e",
            "1640135616.364106": "e",
            "1640135623.4329123": "e",
            "1640135630.4978998": "e",
            "1640135637.5627046": "e",
            "1640135644.627122": "e",
            "1640135651.699932": "e",
            "1640135658.7633538": "e"
        }
    }
}