{
    "Head": {
        "0": 0.8015873015873016,
        "2": 0.020282186948853614,
        "1": 0.1763668430335097,
        "3": 0.001763668430335097
    },
    "Face": {
        "z": 0.06525573192239859,
        "e": 0.26807760141093473,
        "d": 0.18694885361552027,
        "a": 0.18606701940035272,
        "b": 0.2821869488536155,
        "c": 0.001763668430335097,
        "f": 0.009700176366843033
    }
}