{
    "192.168.2.162": {
        "Head": {
            "1640140992.252915": 1,
            "1640140999.3379323": 1,
            "1640141006.3816736": 0,
            "1640141013.4336607": 1,
            "1640141020.4906368": 0,
            "1640141027.5452428": 0,
            "1640141034.614019": 0,
            "1640141041.6883302": 0,
            "1640141048.7717135": 0,
            "1640141055.8242755": 0,
            "1640141062.8890865": 0,
            "1640141069.9493175": 0,
            "1640141077.031328": 0,
            "1640141084.1004767": 1,
            "1640141091.1502492": 0,
            "1640141098.2237847": 1,
            "1640141105.2721517": 0,
            "1640141112.3343093": 0,
            "1640141119.40741": 0,
            "1640141126.4814692": 0,
            "1640141133.5429094": 0,
            "1640141140.6138337": 0,
            "1640141147.668636": 0,
            "1640141154.734395": 0,
            "1640141161.7904663": 1,
            "1640141168.8343513": 1,
            "1640141175.8771574": 0,
            "1640141182.9483142": 0,
            "1640141189.9913063": 0,
            "1640141197.0354538": 1,
            "1640141207.1201775": 0,
            "1640141214.1734774": 0,
            "1640141221.2497563": 0,
            "1640141228.320608": 0,
            "1640141235.405364": 0,
            "1640141242.4729059": 1,
            "1640141249.514442": 0,
            "1640141256.577161": 0,
            "1640141263.6407156": 0,
            "1640141270.7150874": 0,
            "1640141277.7825432": 0,
            "1640141284.85617": 0,
            "1640141291.9261212": 0,
            "1640141298.9813335": 0,
            "1640141306.0663204": 0,
            "1640141313.145822": 0,
            "1640141320.2200942": 0,
            "1640141327.2873168": 0,
            "1640141334.3526874": 0,
            "1640141341.4203885": 0,
            "1640141348.4937525": 0,
            "1640141355.5814064": 0,
            "1640141362.6243875": 0,
            "1640141369.696116": 0,
            "1640141376.7988393": 0,
            "1640141383.8344522": 1
        },
        "Face": {
            "1640140992.252915": "a",
            "1640140999.3379323": "a",
            "1640141006.3816736": "a",
            "1640141013.4336607": "a",
            "1640141020.4906368": "a",
            "1640141027.5452428": "a",
            "1640141034.614019": "a",
            "1640141041.6883302": "a",
            "1640141048.7717135": "a",
            "1640141055.8242755": "a",
            "1640141062.8890865": "a",
            "1640141069.9493175": "a",
            "1640141077.031328": "a",
            "1640141084.1004767": "a",
            "1640141091.1502492": "a",
            "1640141098.2237847": "a",
            "1640141105.2721517": "a",
            "1640141112.3343093": "a",
            "1640141119.40741": "a",
            "1640141126.4814692": "a",
            "1640141133.5429094": "a",
            "1640141140.6138337": "a",
            "1640141147.668636": "a",
            "1640141154.734395": "a",
            "1640141161.7904663": "a",
            "1640141168.8343513": "a",
            "1640141175.8771574": "a",
            "1640141182.9483142": "a",
            "1640141189.9913063": "a",
            "1640141197.0354538": "a",
            "1640141207.1201775": "a",
            "1640141214.1734774": "a",
            "1640141221.2497563": "a",
            "1640141228.320608": "a",
            "1640141235.405364": "a",
            "1640141242.4729059": "a",
            "1640141249.514442": "a",
            "1640141256.577161": "a",
            "1640141263.6407156": "a",
            "1640141270.7150874": "a",
            "1640141277.7825432": "a",
            "1640141284.85617": "a",
            "1640141291.9261212": "a",
            "1640141298.9813335": "a",
            "1640141306.0663204": "a",
            "1640141313.145822": "a",
            "1640141320.2200942": "a",
            "1640141327.2873168": "a",
            "1640141334.3526874": "a",
            "1640141341.4203885": "a",
            "1640141348.4937525": "a",
            "1640141355.5814064": "a",
            "1640141362.6243875": "a",
            "1640141369.696116": "a",
            "1640141376.7988393": "a",
            "1640141383.8344522": "a"
        }
    },
    "192.168.2.37": {
        "Head": {
            "1640140992.252915": 0,
            "1640140999.3379323": 0,
            "1640141006.3816736": 0,
            "1640141013.4336607": 0,
            "1640141020.4906368": 0,
            "1640141027.5452428": 0,
            "1640141034.614019": 0,
            "1640141041.6883302": 0,
            "1640141048.7717135": 0,
            "1640141055.8242755": 0,
            "1640141062.8890865": 0,
            "1640141069.9493175": 0,
            "1640141077.031328": 0,
            "1640141084.1004767": 0,
            "1640141091.1502492": 0,
            "1640141098.2237847": 0,
            "1640141105.2721517": 0,
            "1640141112.3343093": 0,
            "1640141119.40741": 0,
            "1640141126.4814692": 0,
            "1640141133.5429094": 0,
            "1640141140.6138337": 0,
            "1640141147.668636": 0,
            "1640141154.734395": 1,
            "1640141161.7904663": 0,
            "1640141168.8343513": 0,
            "1640141175.8771574": 0,
            "1640141182.9483142": 1,
            "1640141189.9913063": 1,
            "1640141197.0344527": 1,
            "1640141207.1201775": 0,
            "1640141214.1734774": 0,
            "1640141221.2497563": 0,
            "1640141228.320608": 0,
            "1640141235.405364": 0,
            "1640141242.4729059": 0,
            "1640141249.514442": 0,
            "1640141256.577161": 0,
            "1640141263.6407156": 0,
            "1640141270.7150874": 0,
            "1640141277.7825432": 0,
            "1640141284.85617": 0,
            "1640141291.9261212": 0,
            "1640141298.9813335": 0,
            "1640141306.0663204": 0,
            "1640141313.145822": 0,
            "1640141320.2200942": 0,
            "1640141327.2873168": 0,
            "1640141334.3526874": 0,
            "1640141341.4203885": 0,
            "1640141348.4937525": 0,
            "1640141355.5814064": 1,
            "1640141362.6243875": 0,
            "1640141369.696116": 0,
            "1640141376.7988393": 1,
            "1640141383.8344522": 0,
            "1640141390.888693": 0
        },
        "Face": {
            "1640140992.252915": "a",
            "1640140999.3379323": "a",
            "1640141006.3816736": "a",
            "1640141013.4336607": "a",
            "1640141020.4906368": "a",
            "1640141027.5452428": "a",
            "1640141034.614019": "a",
            "1640141041.6883302": "a",
            "1640141048.7717135": "a",
            "1640141055.8242755": "a",
            "1640141062.8890865": "a",
            "1640141069.9493175": "a",
            "1640141077.031328": "a",
            "1640141084.1004767": "a",
            "1640141091.1502492": "a",
            "1640141098.2237847": "a",
            "1640141105.2721517": "a",
            "1640141112.3343093": "a",
            "1640141119.40741": "a",
            "1640141126.4814692": "a",
            "1640141133.5429094": "a",
            "1640141140.6138337": "a",
            "1640141147.668636": "a",
            "1640141154.734395": "a",
            "1640141161.7904663": "a",
            "1640141168.8343513": "a",
            "1640141175.8771574": "a",
            "1640141182.9483142": "a",
            "1640141189.9913063": "a",
            "1640141197.0344527": "a",
            "1640141207.1201775": "a",
            "1640141214.1734774": "a",
            "1640141221.2497563": "a",
            "1640141228.320608": "a",
            "1640141235.405364": "a",
            "1640141242.4729059": "a",
            "1640141249.514442": "a",
            "1640141256.577161": "a",
            "1640141263.6407156": "a",