{
    "192.168.2.37": {
        "Head": {
            "1640140237.7744622": 1,
            "1640140244.8174794": 0,
            "1640140251.8927255": 0,
            "1640140258.96409": 0,
            "1640140266.0509477": 0,
            "1640140273.1143887": 0,
            "1640140280.1837108": 0,
            "1640140287.28718": 0,
            "1640140294.37227": 0,
            "1640140301.4422863": 0,
            "1640140308.5097253": 0,
            "1640140315.5713687": 0,
            "1640140322.7161117": 1,
            "1640140329.7909536": 0,
            "1640140336.84936": 0,
            "1640140343.905459": 0,
            "1640140350.951061": 0,
            "1640140358.037184": 0,
            "1640140365.1194022": 0,
            "1640140372.1851583": 0,
            "1640140379.2479": 0,
            "1640140386.3693638": 0,
            "1640140393.4379113": 0,
            "1640140403.5199983": 0,
            "1640140410.596368": 0,
            "1640140417.6683443": 0,
            "1640140424.7486222": 0,
            "1640140431.82145": 0,
            "1640140438.8970692": 1,
            "1640140445.9375534": 0,
            "1640140453.0001283": 0,
            "1640140460.0627964": 0,
            "1640140467.10673": 0,
            "1640140474.149551": 0,
            "1640140481.2225847": 0,
            "1640140488.3072572": 0,
            "1640140495.3865206": 0,
            "1640140502.4436054": 0,
            "1640140509.4948962": 0,
            "1640140516.5486534": 0,
            "1640140523.6194627": 0,
            "1640140533.6709847": 0,
            "1640140540.7617803": 0,
            "1640140547.8425734": 0,
            "1640140554.8838444": 1,
            "1640140561.93616": 0,
            "1640140569.0132604": 0,
            "1640140576.0742779": 0,
            "1640140583.600783": 0,
            "1640140590.68578": 0
        },
        "Face": {
            "1640140237.7744622": "a",
            "1640140244.8174794": "a",
            "1640140251.8927255": "a",
            "1640140258.96409": "a",
            "1640140266.0509477": "a",
            "1640140273.1143887": "a",
            "1640140280.1837108": "a",
            "1640140287.28718": "a",
            "1640140294.37227": "a",
            "1640140301.4422863": "a",
            "1640140308.5097253": "a",
            "1640140315.5713687": "a",
            "1640140322.7161117": "a",
            "1640140329.7909536": "a",
            "1640140336.84936": "a",
            "1640140343.905459": "a",
            "1640140350.951061": "a",
            "1640140358.037184": "a",
            "1640140365.1194022": "a",
            "1640140372.1851583": "a",
            "1640140379.2479": "a",
            "1640140386.3693638": "a",
            "1640140393.4379113": "a",
            "1640140403.5199983": "a",
            "1640140410.596368": "a",
            "1640140417.6683443": "a",
            "1640140424.7486222": "a",
            "1640140431.82145": "a",
            "1640140438.8970692": "a",
            "1640140445.9375534": "a",
            "1640140453.0001283": "a",
            "1640140460.0627964": "a",
            "1640140467.10673": "a",
            "1640140474.149551": "a",
            "1640140481.2225847": "a",
            "1640140488.3072572": "a",
            "1640140495.3865206": "a",
            "1640140502.4436054": "a",
            "1640140509.4948962": "a",
            "1640140516.5486534": "a",
            "1640140523.6194627": "a",
            "1640140533.6709847": "a",
            "1640140540.7617803": "a",
            "1640140547.8425734": "a",
            "1640140554.8838444": "a",
            "1640140561.93616": "a",
            "1640140569.0132604": "a",
            "1640140576.0742779": "a",
            "1640140583.600783": "a",
            "1640140590.68578": "a"
        }
    },
    "192.168.2.92": {
        "Head": {
            "1640140237.7744622": 0,
            "1640140244.8174794": 0,
            "1640140251.8927255": 0,
            "1640140258.96409": 0,
            "1640140266.0509477": 1,
            "1640140273.1143887": 0,
            "1640140280.1837108": 0,
            "1640140287.28718": 0,
            "1640140294.37227": 0,
            "1640140301.4422863": 0,
            "1640140308.5097253": 0,
            "1640140315.5713687": 1,
            "1640140322.7161117": 0,
            "1640140329.7909536": 1,
            "1640140336.84936": 0,
            "1640140343.905459": 1,
            "1640140350.951061": 0,
            "1640140358.037184": 0,
            "1640140365.1194022": 0,
            "1640140372.1851583": 0,
            "1640140379.2479": 0,
            "1640140386.3693638": 0,
            "1640140393.4379113": 0,
            "1640140403.5199983": 0,
            "1640140410.596368": 0,
            "1640140417.6683443": 0,
            "1640140424.7486222": 0,
            "1640140431.8224466": 0,
            "1640140438.8980665": 0,
            "1640140445.9375534": 0,
            "1640140453.001125": 0,
            "1640140460.0627964": 1,
            "1640140467.10673": 1,
            "1640140474.149551": 0,
            "1640140481.2225847": 0,
            "1640140488.3072572": 0,
            "1640140495.3865206": 0,
            "1640140502.4436054": 1,
            "1640140509.4948962": 1,
            "1640140516.5486534": 0,
            "1640140523.6194627": 0,
            "1640140533.6709847": 0,
            "1640140540.7617803": 1,
            "1640140547.8425734": 1,
            "1640140554.8838444": 0,
            "1640140561.93616": 0,
            "1640140569.014257": 1,
            "1640140576.0742779": 0,
            "1640140583.600783": 0,
            "1640140590.68578": 0
        },
        "Face": {
            "1640140237.7744622": "a",
            "1640140244.8174794": "a",
            "1640140251.8927255": "a",
            "1640140258.96409": "a",
            "1640140266.0509477": "a",
            "1640140273.1143887": "a",
            "1640140280.1837108": "a",
            "1640140287.28718": "a",
            "1640140294.37227": "a",
            "1640140301.4422863": "a",
            "1640140308.5097253": "a",
            "1640140315.5713687": "a",
            "1640140322.7161117": "a",
            "1640140329.7909536": "a",
            "1640140336.84936": "a",
            "1640140343.905459": "a",
            "1640140350.951061": "a",
            "1640140358.037184": "a",
            "1640140365.1194022": "a",
            "1640140372.1851583": "a",
            "1640140379.2479": "a",
            "1640140386.3693638": "a",
            "1640140393.4379113": "a",
            "1640140403.5199983": "a",
            "1640140410.596368": "a",
            "1640140417.6683443": "a",
            "1640140424.7486222": "a",
            "1640140431.8224466": "a",
            "1640140438.8980665": "a",
            "1640140445.9375534": "a",
            "1640140453.001125": "a",
            "1640140460.0627964": "a",
            "1640140467.10673": "a",
            "1640140474.149551": "a",
            "1640140481.2225847": "a",
            "1640140488.3072572": "a",
            "1640140495.3865206": "a",
            "1640140502.4436054": "a",
            "1640140509.4948962": "a",
            "1640140516.5486534": "a",
            "1640140523.6194627": "a",
            "1640140533.6709847": "a",
            "1640140540.7617803": "a",
            "1640140547.8425734": "a",
            "1640140554.8838444": "a",
            "1640140561.93616": "a",
            "1640140569.014257": "a",
            "1640140576.0742779": "a",
            "1640140583.600783": "a",
            "1640140590.68578": "a"
        }
    }
}