{
    "192.168.2.92": {
        "Head": {
            "1640570551.321925": 1,
            "1640570558.3855085": 0,
            "1640570565.4542449": 1,
            "1640570572.5106268": 0,
            "1640570579.5881608": 0,
            "1640570586.6322422": 0,
            "1640570593.7326827": 1,
            "1640570600.8626065": 0,
            "1640570607.963044": 0,
            "1640570615.009458": 0,
            "1640570622.0562742": 0,
            "1640570629.1272795": 0,
            "1640570636.1783786": 1,
            "1640570643.245822": 1,
            "1640570650.3093061": 0,
            "1640570657.487723": 1,
            "1640570664.622379": 0,
            "1640570671.9281218": 0,
            "1640570678.9867017": 0,
            "1640570686.066763": 0,
            "1640570693.1184464": 0,
            "1640570700.1776233": 0,
            "1640570707.3009675": 0,
            "1640570714.3775845": 0,
            "1640570721.6886003": 0,
            "1640570728.733324": 0,
            "1640570735.7870874": 1,
            "1640570742.8733468": 0,
            "1640570749.9683945": 0,
            "1640570757.0129077": 0,
            "1640570764.0548618": 0,
            "1640570771.1591856": 1,
            "1640570778.2059808": 0,
            "1640570785.2831075": 1,
            "1640570792.3423276": 0,
            "1640570799.406675": 0,
            "1640570806.4781926": 0,
            "1640570813.546515": 0,
            "1640570820.621682": 0,
            "1640570827.6984675": 1,
            "1640570834.750478": 0,
            "1640570841.8087134": 0,
            "1640570848.849727": 0,
            "1640570855.9409142": 0,
            "1640570863.006885": 0,
            "1640570870.205864": 1,
            "1640570877.2541082": 0,
            "1640570884.3239665": 1,
            "1640570891.384215": 0,
            "1640570898.4436324": 0,
            "1640570905.5017724": 0,
            "1640570912.555266": 1,
            "1640570919.706346": 0,
            "1640570926.7857723": 0,
            "1640570933.8648517": 1,
            "1640570940.908593": 0,
            "1640570948.0413916": 0
        },
        "Face": {
            "1640570551.321925": "a",
            "1640570558.3855085": "a",
            "1640570565.4542449": "a",
            "1640570572.5106268": "a",
            "1640570579.5881608": "a",
            "1640570586.6322422": "a",
            "1640570593.7326827": "a",
            "1640570600.8626065": "a",
            "1640570607.963044": "a",
            "1640570615.009458": "a",
            "1640570622.0562742": "a",
            "1640570629.1272795": "a",
            "1640570636.1783786": "a",
            "1640570643.245822": "a",
            "1640570650.3093061": "a",
            "1640570657.487723": "a",
            "1640570664.622379": "a",
            "1640570671.9281218": "a",
            "1640570678.9867017": "a",
            "1640570686.066763": "a",
            "1640570693.1184464": "a",
            "1640570700.1776233": "a",
            "1640570707.3009675": "a",
            "1640570714.3775845": "a",
            "1640570721.6886003": "a",
            "1640570728.733324": "a",
            "1640570735.7870874": "a",
            "1640570742.8733468": "a",
            "1640570749.9683945": "a",
            "1640570757.0129077": "a",
            "1640570764.0548618": "a",
            "1640570771.1591856": "a",
            "1640570778.2059808": "a",
            "1640570785.2831075": "a",
            "1640570792.3423276": "a",
            "1640570799.406675": "a",
            "1640570806.4781926": "a",
            "1640570813.546515": "a",
            "1640570820.621682": "a",
            "1640570827.6984675": "a",
            "1640570834.750478": "a",
            "1640570841.8087134": "a",
            "1640570848.849727": "a",
            "1640570855.9409142": "a",
            "1640570863.006885": "a",
            "1640570870.205864": "a",
            "1640570877.2541082": "a",
            "1640570884.3239665": "a",
            "1640570891.384215": "a",
            "1640570898.4436324": "a",
            "1640570905.5017724": "a",
            "1640570912.555266": "a",
            "1640570919.706346": "a",
            "1640570926.7857723": "a",
            "1640570933.8648517": "a",
            "1640570940.908593": "a",
            "1640570948.0413916": "a"
        }
    },
    "192.168.2.37": {
        "Head": {
            "1640570551.321925": 1,
            "1640570558.3855085": 1,
            "1640570565.453248": 0,
            "1640570572.5106268": 1,
            "1640570579.5881608": 0,
            "1640570586.6322422": 0,
            "1640570593.7326827": 0,
            "1640570600.8626065": 1,
            "1640570607.963044": 1,
            "1640570615.009458": 0,
            "1640570622.0562742": 1,
            "1640570629.1272795": 1,
            "1640570636.1783786": 1,
            "1640570643.245822": 0,
            "1640570650.3093061": 0,
            "1640570657.487723": 1,
            "1640570664.622379": 0,
            "1640570671.9281218": 0,
            "1640570678.9867017": 0,
            "1640570686.066763": 0,
            "1640570693.1184464": 1,
            "1640570700.1776233": 0,
            "1640570707.3009675": 0,
            "1640570714.3775845": 0,
            "1640570721.6886003": 0,
            "1640570728.733324": 0,
            "1640570735.7870874": 0,
            "1640570742.8733468": 0,
            "1640570749.9683945": 1,
            "1640570757.0129077": 1,
            "1640570764.0548618": 0,
            "1640570771.1591856": 1,
            "1640570778.2059808": 0,
            "1640570785.2831075": 0,
            "1640570792.3423276": 0,
            "1640570799.406675": 0,
            "1640570806.4781926": 0,
            "1640570813.546515": 0,
            "1640570820.621682": 0,
            "1640570827.6984675": 0,
            "1640570834.750478": 0,
            "1640570841.8097115": 1,
            "1640570848.849727": 1,
            "1640570855.9409142": 1,
            "1640570863.006885": 1,
            "1640570870.205864": 0,
            "1640570877.2541082": 0,
            "1640570884.3239665": 1,
            "1640570891.384215": 0,
            "1640570898.4436324": 0,
            "1640570905.5017724": 1,
            "1640570912.555266": 1,
            "1640570919.706346": 0,
            "1640570926.7857723": 0,
            "1640570933.8648517": 1,
            "1640570940.908593": 1,
            "1640570948.0413916": 0
        },
        "Face": {
            "1640570551.321925": "a",
            "1640570558.3855085": "a",
            "1640570565.453248": "a",
            "1640570572.5106268": "a",
            "1640570579.5881608": "a",
            "1640570586.6322422": "a",
            "1640570593.7326827": "a",
            "1640570600.8626065": "a",
            "1640570607.963044": "a",
            "1640570615.009458": "a",
            "1640570622.0562742": "a",
            "1640570629.1272795": "a",
            "1640570636.1783786": "a",
            "1640570643.245822": "a",
            "1640570650.3093061": "a",
            "1640570657.487723": "a",
            "1640570664.622379": "a",
            "1640570671.9281218": "a",
            "1640570678.9867017": "a",
            "1640570686.066763": "a",
            "1640570693.1184464": "a",
            "1640570700.1776233": "a",
            "1640570707.3009675": "a",
            "1640570714.3775845": "a",
            "1640570721.6886003": "a",
            "1640570728.733324": "a",
            "1640570735.7870874": "a",
            "1640570742.8733468": "a",
            "1640570749.9683945": "a",
            "1640570757.0129077": "a",
            "1640570764.0548618": "a",
            "1640570771.1591856": "a",
            "1640570778.2059808": "a",
            "1640570785.2831075": "a",
            "1640570792.3423276": "a",
            "1640570799.406675": "a",
            "1640570806.4781926": "a",