{
    "192.168.2.92": {
        "Head": {
            "1639979126.9267395": 1,
            "1639979133.9914436": 0,
            "1639979141.069623": 0,
            "1639979148.1264515": 1,
            "1639979155.2024655": 1,
            "1639979162.2394133": 0,
            "1639979169.3265033": 0,
            "1639979176.4134176": 0,
            "1639979183.5135162": 1,
            "1639979190.5876982": 1,
            "1639979197.6538146": 0,
            "1639979204.702714": 0,
            "1639979211.746524": 0,
            "1639979218.8010323": 0,
            "1639979225.874032": 1,
            "1639979232.9211235": 1,
            "1639979239.9783466": 0,
            "1639979247.0622935": 0,
            "1639979254.143894": 0,
            "1639979261.2244875": 0,
            "1639979268.2768295": 0,
            "1639979275.39061": 1,
            "1639979282.441035": 1,
            "1639979289.5526419": 0,
            "1639979296.6269958": 0,
            "1639979303.6812127": 0,
            "1639979310.7570386": 0,
            "1639979317.8284476": 0,
            "1639979324.912004": 0,
            "1639979331.994809": 0,
            "1639979339.0490606": 0,
            "1639979346.1183856": 0,
            "1639979353.198162": 0,
            "1639979360.2646759": 0,
            "1639979367.3526566": 1,
            "1639979374.3977704": 1,
            "1639979381.4638338": 0,
            "1639979388.5157635": 0,
            "1639979395.5760853": 0,
            "1639979402.6487715": 0,
            "1639979409.7128224": 1,
            "1639979416.7715864": 0,
            "1639979423.9589705": 0,
            "1639979431.040237": 0,
            "1639979438.1234713": 0,
            "1639979445.1892831": 0,
            "1639979452.3356547": 0,
            "1639979459.4068604": 0,
            "1639979466.4787483": 1,
            "1639979473.5503414": 0,
            "1639979480.615826": 0,
            "1639979487.6685889": 0,
            "1639979494.7305248": 0,
            "1639979501.842655": 0,
            "1639979508.8950264": 0,
            "1639979515.9500074": 0,
            "1639979523.03408": 0,
            "1639979530.0951145": 0,
            "1639979537.166811": 0,
            "1639979544.238417": 0,
            "1639979551.2879603": 0,
            "1639979558.3601074": 0,
            "1639979565.4308925": 0,
            "1639979572.502954": 0,
            "1639979579.5792654": 0,
            "1639979586.6217537": 0
        },
        "Face": {
            "1639979126.9267395": "a",
            "1639979133.9914436": "a",
            "1639979141.069623": "a",
            "1639979148.1264515": "a",
            "1639979155.2024655": "a",
            "1639979162.2394133": "a",
            "1639979169.3265033": "a",
            "1639979176.4134176": "a",
            "1639979183.5135162": "a",
            "1639979190.5876982": "a",
            "1639979197.6538146": "a",
            "1639979204.702714": "a",
            "1639979211.746524": "a",
            "1639979218.8010323": "a",
            "1639979225.874032": "a",
            "1639979232.9211235": "a",
            "1639979239.9783466": "a",
            "1639979247.0622935": "a",
            "1639979254.143894": "a",
            "1639979261.2244875": "a",
            "1639979268.2768295": "a",
            "1639979275.39061": "a",
            "1639979282.441035": "a",
            "1639979289.5526419": "a",
            "1639979296.6269958": "a",
            "1639979303.6812127": "a",
            "1639979310.7570386": "a",
            "1639979317.8284476": "a",
            "1639979324.912004": "a",
            "1639979331.994809": "a",
            "1639979339.0490606": "a",
            "1639979346.1183856": "a",
            "1639979353.198162": "a",
            "1639979360.2646759": "a",
            "1639979367.3526566": "a",
            "1639979374.3977704": "a",
            "1639979381.4638338": "a",
            "1639979388.5157635": "a",
            "1639979395.5760853": "a",
            "1639979402.6487715": "a",
            "1639979409.7128224": "a",
            "1639979416.7715864": "a",
            "1639979423.9589705": "a",
            "1639979431.040237": "a",
            "1639979438.1234713": "a",
            "1639979445.1892831": "a",
            "1639979452.3356547": "a",
            "1639979459.4068604": "a",
            "1639979466.4787483": "a",
            "1639979473.5503414": "a",
            "1639979480.615826": "a",
            "1639979487.6685889": "a",
            "1639979494.7305248": "a",
            "1639979501.842655": "a",
            "1639979508.8950264": "a",
            "1639979515.9500074": "a",
            "1639979523.03408": "a",
            "1639979530.0951145": "a",
            "1639979537.166811": "a",
            "1639979544.238417": "a",
            "1639979551.2879603": "a",
            "1639979558.3601074": "a",
            "1639979565.4308925": "a",
            "1639979572.502954": "a",
            "1639979579.5792654": "a",
            "1639979586.6217537": "a"
        }
    },
    "192.168.2.162": {
        "Head": {
            "1639979126.9267395": 1,
            "1639979133.9914436": 0,
            "1639979141.069623": 0,
            "1639979148.1264515": 0,
            "1639979155.2024655": 0,
            "1639979162.2384372": 0,
            "1639979169.3265033": 1,
            "1639979176.4134176": 0,
            "1639979183.5135162": 0,
            "1639979190.5876982": 1,
            "1639979197.6538146": 0,
            "1639979204.702714": 0,
            "1639979211.746524": 0,
            "1639979218.8010323": 0,
            "1639979225.874032": 0,
            "1639979232.9211235": 0,
            "1639979239.9783466": 0,
            "1639979247.0622935": 0,
            "1639979254.143894": 0,
            "1639979261.2244875": 0,
            "1639979268.2768295": 0,
            "1639979275.39061": 0,
            "1639979282.441035": 0,
            "1639979289.5526419": 0,
            "1639979296.6269958": 0,
            "1639979303.6812127": 0,
            "1639979310.7570386": 0,
            "1639979317.8284476": 0,
            "1639979324.912004": 0,
            "1639979331.994809": 0,
            "1639979339.0490606": 0,
            "1639979346.1183856": 0,
            "1639979353.198162": 0,
            "1639979360.2646759": 0,
            "1639979367.3526566": 0,
            "1639979374.3977704": 0,
            "1639979381.4638338": 0,
            "1639979388.5157635": 0,
            "1639979395.5760853": 0,
            "1639979402.6487715": 0,
            "1639979409.7128224": 0,
            "1639979416.7715864": 0,
            "1639979423.9589705": 0,
            "1639979431.040237": 0,
            "1639979438.1234713": 0,
            "1639979445.1892831": 0,
            "1639979452.3356547": 0,
            "1639979459.4068604": 0,
            "1639979466.4787483": 0,
            "1639979473.5503414": 0,
            "1639979480.615826": 0,
            "1639979487.6685889": 0,
            "1639979494.7315214": 0,
            "1639979501.842655": 0,
            "1639979508.8950264": 0,
            "1639979515.9500074": 0
        },
        "Face": {
            "1639979126.9267395": "a",
            "1639979133.9914436": "a",
            "1639979141.069623": "a",
            "1639979148.1264515": "a",
            "1639979155.2024655": "a",
            "1639979162.2384372": "a",
            "1639979169.3265033": "a",
            "1639979176.4134176": "a",
            "1639979183.5135162": "a",
            "1639979190.5876982": "a",
            "1639979197.6538146": "a",
            "1639979204.702714": "a",
            "1639979211.746524": "a",
            "1639979218.8010323": "a",
            "1639979225.874032": "a",
            "1639979232.9211235": "a",
            "1639979239.9783466": "a",
            "1639979247.0622935": "a",
            "1639979254.143894": "a",
            "1639979261.2244875": "a",