{
    "192.168.2.37": {
        "Head": {
            "1639983057.6810167": 1,
            "1639983064.7265568": 0,
            "1639983071.790926": 0,
            "1639983078.8587697": 0,
            "1639983085.9233124": 0,
            "1639983093.0171747": 0,
            "1639983100.0708847": 0,
            "1639983107.1561835": 0,
            "1639983114.2498982": 0,
            "1639983121.3266897": 0,
            "1639983128.3921385": 0,
            "1639983135.4641461": 0,
            "1639983142.5890224": 0,
            "1639983149.6729393": 0,
            "1639983156.7850676": 0,
            "1639983163.8509219": 0,
            "1639983170.941782": 0,
            "1639983178.0341558": 0,
            "1639983185.1104107": 0,
            "1639983192.1849723": 0,
            "1639983199.3268971": 0,
            "1639983206.3819401": 0,
            "1639983213.455797": 0,
            "1639983220.5312626": 0,
            "1639983227.66509": 0,
            "1639983234.7548456": 0,
            "1639983241.8137712": 0,
            "1639983248.8858924": 0,
            "1639983256.008312": 0,
            "1639983266.147355": 0,
            "1639983273.2255735": 0,
            "1639983280.3124127": 0,
            "1639983287.4083703": 0,
            "1639983294.4937127": 0,
            "1639983301.974972": 0,
            "1639983309.0657308": 0,
            "1639983316.1532085": 0,
            "1639983323.2201147": 0,
            "1639983330.2882912": 0,
            "1639983337.357195": 0,
            "1639983344.4141102": 0,
            "1639983351.488942": 0,
            "1639983358.5623853": 0,
            "1639983365.6193938": 0,
            "1639983372.690364": 0,
            "1639983379.7656405": 0,
            "1639983386.861418": 0,
            "1639983393.9421344": 0,
            "1639983400.9968476": 0,
            "1639983408.0895724": 0,
            "1639983415.1499124": 0,
            "1639983422.2233343": 0,
            "1639983429.3153608": 0,
            "1639983436.4352582": 0,
            "1639983443.512626": 0,
            "1639983450.5812767": 0,
            "1639983457.65439": 0,
            "1639983464.7569542": 0
        },
        "Face": {
            "1639983057.6810167": "a",
            "1639983064.7265568": "a",
            "1639983071.790926": "a",
            "1639983078.8587697": "a",
            "1639983085.9233124": "a",
            "1639983093.0171747": "a",
            "1639983100.0708847": "a",
            "1639983107.1561835": "a",
            "1639983114.2498982": "a",
            "1639983121.3266897": "a",
            "1639983128.3921385": "a",
            "1639983135.4641461": "a",
            "1639983142.5890224": "a",
            "1639983149.6729393": "a",
            "1639983156.7850676": "a",
            "1639983163.8509219": "a",
            "1639983170.941782": "a",
            "1639983178.0341558": "a",
            "1639983185.1104107": "a",
            "1639983192.1849723": "a",
            "1639983199.3268971": "a",
            "1639983206.3819401": "a",
            "1639983213.455797": "a",
            "1639983220.5312626": "a",
            "1639983227.66509": "a",
            "1639983234.7548456": "a",
            "1639983241.8137712": "a",
            "1639983248.8858924": "a",
            "1639983256.008312": "a",
            "1639983266.147355": "a",
            "1639983273.2255735": "a",
            "1639983280.3124127": "a",
            "1639983287.4083703": "a",
            "1639983294.4937127": "a",
            "1639983301.974972": "a",
            "1639983309.0657308": "a",
            "1639983316.1532085": "a",
            "1639983323.2201147": "a",
            "1639983330.2882912": "a",
            "1639983337.357195": "a",
            "1639983344.4141102": "a",
            "1639983351.488942": "a",
            "1639983358.5623853": "a",
            "1639983365.6193938": "a",
            "1639983372.690364": "a",
            "1639983379.7656405": "a",
            "1639983386.861418": "a",
            "1639983393.9421344": "a",
            "1639983400.9968476": "a",
            "1639983408.0895724": "a",
            "1639983415.1499124": "a",
            "1639983422.2233343": "a",
            "1639983429.3153608": "a",
            "1639983436.4352582": "a",
            "1639983443.512626": "a",
            "1639983450.5812767": "a",
            "1639983457.65439": "a",
            "1639983464.7569542": "a"
        }
    },
    "192.168.2.162": {
        "Head": {
            "1639983057.6810167": 1,
            "1639983064.7265568": 0,
            "1639983071.790926": 0,
            "1639983078.857773": 0,
            "1639983085.9233124": 0,
            "1639983093.0171747": 0,
            "1639983100.0708847": 0,
            "1639983107.1561835": 0,
            "1639983114.2498982": 0,
            "1639983121.3266897": 0,
            "1639983128.3921385": 0,
            "1639983135.4641461": 0,
            "1639983142.5890224": 0,
            "1639983149.6729393": 0,
            "1639983156.7850676": 0,
            "1639983163.8509219": 0,
            "1639983170.941782": 0,
            "1639983178.0341558": 0,
            "1639983185.1104107": 0,
            "1639983192.1849723": 0,
            "1639983199.3268971": 0,
            "1639983206.3819401": 0,
            "1639983213.455797": 0,
            "1639983220.5312626": 0,
            "1639983234.7548456": 0,
            "1639983241.8137712": 0,
            "1639983248.8858924": 0,
            "1639983256.008312": 0,
            "1639983266.147355": 0,
            "1639983273.2255735": 0,
            "1639983280.3124127": 0,
            "1639983287.4083703": 0,
            "1639983294.4937127": 0,
            "1639983301.974972": 0,
            "1639983309.0657308": 0,
            "1639983316.1532085": 0,
            "1639983323.2201147": 0,
            "1639983330.2882912": 0,
            "1639983337.357195": 0,
            "1639983344.4141102": 0,
            "1639983351.488942": 0,
            "1639983358.5623853": 1,
            "1639983365.6193938": 0,
            "1639983372.690364": 0,
            "1639983379.7656405": 0,
            "1639983386.861418": 0,
            "1639983393.9421344": 0,
            "1639983400.9968476": 0,
            "1639983408.0895724": 0,
            "1639983415.1499124": 0,
            "1639983422.2233343": 0,
            "1639983429.3153608": 0,
            "1639983436.4352582": 0,
            "1639983443.512626": 0,
            "1639983450.5812767": 0,
            "1639983457.65439": 1,
            "1639983464.7569542": 1
        },
        "Face": {
            "1639983057.6810167": "a",
            "1639983064.7265568": "a",
            "1639983071.790926": "a",
            "1639983078.857773": "a",
            "1639983085.9233124": "a",
            "1639983093.0171747": "a",
            "1639983100.0708847": "a",
            "1639983107.1561835": "a",
            "1639983114.2498982": "a",
            "1639983121.3266897": "a",
            "1639983128.3921385": "a",
            "1639983135.4641461": "a",
            "1639983142.5890224": "a",
            "1639983149.6729393": "a",
            "1639983156.7850676": "a",
            "1639983163.8509219": "a",
            "1639983170.941782": "a",
            "1639983178.0341558": "a",
            "1639983185.1104107": "a",
            "1639983192.1849723": "a",
            "1639983199.3268971": "a",
            "1639983206.3819401": "a",
            "1639983213.455797": "a",
            "1639983220.5312626": "a",
            "1639983234.7548456": "a",
            "1639983241.8137712": "a",
            "1639983248.8858924": "a",
            "1639983256.008312": "a",
            "1639983266.147355": "a",
            "1639983273.2255735": "a",
            "1639983280.3124127": "a",
            "1639983287.4083703": "a",
            "1639983294.4937127": "a",
            "1639983301.974972": "a",
            "1639983309.0657308": "a",