{
    "192.168.2.37": {
        "Head": {
            "1639986500.901163": 1,
            "1639986507.953165": 1,
            "1639986515.0124013": 1,
            "1639986522.0689466": 1,
            "1639986529.130958": 1,
            "1639986536.2401757": 0,
            "1639986543.3008394": 0,
            "1639986550.3764668": 0,
            "1639986557.5443363": 0,
            "1639986564.6239932": 0,
            "1639986571.9675653": 0,
            "1639986579.064918": 0,
            "1639986586.139063": 0,
            "1639986593.4698863": 0,
            "1639986600.5700932": 1,
            "1639986607.6351388": 1,
            "1639986614.6896477": 0,
            "1639986621.7640162": 0,
            "1639986628.8474548": 0,
            "1639986636.0222454": 1,
            "1639986643.1201892": 0,
            "1639986650.222091": 0,
            "1639986657.48827": 0,
            "1639986664.543099": 0,
            "1639986671.5972693": 1,
            "1639986678.7074018": 1,
            "1639986685.7546782": 1,
            "1639986692.806296": 1,
            "1639986699.8842995": 0,
            "1639986706.9609408": 0,
            "1639986714.0689192": 1,
            "1639986721.1430109": 0,
            "1639986728.2140121": 0,
            "1639986735.2861125": 0,
            "1639986742.3783967": 0,
            "1639986749.543273": 1,
            "1639986756.5980287": 0,
            "1639986763.6639247": 0,
            "1639986770.7602122": 0,
            "1639986777.835552": 0,
            "1639986784.898505": 1,
            "1639986791.9666524": 1,
            "1639986799.048985": 0,
            "1639986806.1642103": 0,
            "1639986813.2576427": 1,
            "1639986820.3318365": 1,
            "1639986827.4387956": 1,
            "1639986834.4957805": 0,
            "1639986841.5797262": 1,
            "1639986848.6413207": 0,
            "1639986855.7108834": 0,
            "1639986862.8041708": 0,
            "1639986869.8864307": 0,
            "1639986876.9608884": 0,
            "1639986884.0332265": 1,
            "1639986891.0920599": 1,
            "1639986898.1376073": 0,
            "1639986905.1966236": 1,
            "1639986912.2465851": 0,
            "1639986919.3237507": 1,
            "1639986926.376484": 1,
            "1639986933.4182777": 1,
            "1639986940.4759135": 0,
            "1639986947.560407": 1,
            "1639986954.61904": 1,
            "1639986961.6885111": 1,
            "1639986968.7377682": 1,
            "1639986975.8756077": 1
        },
        "Face": {
            "1639986500.901163": "a",
            "1639986507.953165": "a",
            "1639986515.0124013": "a",
            "1639986522.0689466": "a",
            "1639986529.130958": "a",
            "1639986536.2401757": "a",
            "1639986543.3008394": "a",
            "1639986550.3764668": "a",
            "1639986557.5443363": "a",
            "1639986564.6239932": "a",
            "1639986571.9675653": "a",
            "1639986579.064918": "a",
            "1639986586.139063": "a",
            "1639986593.4698863": "a",
            "1639986600.5700932": "a",
            "1639986607.6351388": "a",
            "1639986614.6896477": "a",
            "1639986621.7640162": "a",
            "1639986628.8474548": "a",
            "1639986636.0222454": "a",
            "1639986643.1201892": "a",
            "1639986650.222091": "a",
            "1639986657.48827": "a",
            "1639986664.543099": "a",
            "1639986671.5972693": "a",
            "1639986678.7074018": "a",
            "1639986685.7546782": "a",
            "1639986692.806296": "a",
            "1639986699.8842995": "a",
            "1639986706.9609408": "a",
            "1639986714.0689192": "a",
            "1639986721.1430109": "a",
            "1639986728.2140121": "a",
            "1639986735.2861125": "a",
            "1639986742.3783967": "a",
            "1639986749.543273": "a",
            "1639986756.5980287": "a",
            "1639986763.6639247": "a",
            "1639986770.7602122": "a",
            "1639986777.835552": "a",
            "1639986784.898505": "a",
            "1639986791.9666524": "a",
            "1639986799.048985": "a",
            "1639986806.1642103": "a",
            "1639986813.2576427": "a",
            "1639986820.3318365": "a",
            "1639986827.4387956": "a",
            "1639986834.4957805": "a",
            "1639986841.5797262": "a",
            "1639986848.6413207": "a",
            "1639986855.7108834": "a",
            "1639986862.8041708": "a",
            "1639986869.8864307": "a",
            "1639986876.9608884": "a",
            "1639986884.0332265": "a",
            "1639986891.0920599": "a",
            "1639986898.1376073": "a",
            "1639986905.1966236": "a",
            "1639986912.2465851": "a",
            "1639986919.3237507": "a",
            "1639986926.376484": "a",
            "1639986933.4182777": "a",
            "1639986940.4759135": "a",
            "1639986947.560407": "a",
            "1639986954.61904": "a",
            "1639986961.6885111": "a",
            "1639986968.7377682": "a",
            "1639986975.8756077": "a"
        }
    },
    "192.168.2.92": {
        "Head": {
            "1639986500.901163": 1,
            "1639986507.953165": 1,
            "1639986515.0124013": 0,
            "1639986522.0689466": 0,
            "1639986529.130958": 0,
            "1639986536.2401757": 0,
            "1639986543.3008394": 0,
            "1639986550.3764668": 0,
            "1639986557.5443363": 0,
            "1639986564.6239932": 0,
            "1639986571.9675653": 0,
            "1639986579.064918": 0,
            "1639986586.139063": 0,
            "1639986593.4698863": 0,
            "1639986600.5700932": 0,
            "1639986607.6351388": 0,
            "1639986614.6896477": 0,
            "1639986621.7640162": 0,
            "1639986628.8474548": 0,
            "1639986636.0222454": 0,
            "1639986643.1201892": 0,
            "1639986650.222091": 0,
            "1639986657.48827": 0,
            "1639986664.543099": 0,
            "1639986671.5972693": 0,
            "1639986678.7064047": 0,
            "1639986685.7546782": 0,
            "1639986692.806296": 0,
            "1639986699.8842995": 0,
            "1639986706.9609408": 0,
            "1639986714.0689192": 0,
            "1639986721.1430109": 0,
            "1639986728.2140121": 0,
            "1639986735.2861125": 0,
            "1639986742.3783967": 0,
            "1639986749.543273": 0,
            "1639986756.5980287": 0,
            "1639986763.6639247": 0,
            "1639986770.7602122": 0,
            "1639986777.835552": 0,
            "1639986784.898505": 0,
            "1639986791.9666524": 0,
            "1639986799.048985": 0,
            "1639986806.1642103": 0,
            "1639986813.2576427": 0,
            "1639986820.3318365": 0,
            "1639986827.4387956": 0,
            "1639986834.4957805": 0,
            "1639986841.5807211": 0,
            "1639986848.6413207": 0,
            "1639986855.7108834": 0,
            "1639986862.8041708": 0,
            "1639986869.8864307": 0,
            "1639986876.9608884": 0,
            "1639986884.0332265": 0,
            "1639986891.0920599": 0,
            "1639986898.1376073": 0,
            "1639986905.1966236": 0,
            "1639986912.2465851": 0,
            "1639986919.3237507": 0,
            "1639986926.3774812": 0,
            "1639986933.4182777": 0,
            "1639986940.4759135": 0,
            "1639986947.560407": 0,
            "1639986954.61904": 0,
            "1639986961.6885111": 0,
            "1639986968.7377682": 0,
            "1639986975.8756077": 0
        },
        "Face": {
            "1639986500.901163": "a",
            "1639986507.953165": "a",
            "1639986515.0124013": "a",
            "1639986522.0689466": "a",
            "1639986529.130958": "a",