{
    "192.168.2.92": {
        "Head": {
            "1640142533.1986306": 1,
            "1640142540.2378523": 0,
            "1640142547.3055298": 0,
            "1640142554.3591597": 0,
            "1640142561.4147427": 0,
            "1640142568.4661424": 0,
            "1640142575.5262513": 0,
            "1640142582.5802705": 0,
            "1640142589.6493187": 0,
            "1640142596.713108": 0,
            "1640142603.7648044": 0,
            "1640142610.8401158": 0,
            "1640142617.911467": 0,
            "1640142624.9963996": 0,
            "1640142632.0769777": 0,
            "1640142639.1259787": 0,
            "1640142646.2217412": 0,
            "1640142653.2791378": 0,
            "1640142660.3600316": 0,
            "1640142667.442347": 0,
            "1640142674.6191473": 0,
            "1640142681.6673548": 0,
            "1640142688.7217598": 0,
            "1640142695.7872772": 0,
            "1640142702.8539968": 0,
            "1640142709.9041924": 0,
            "1640142716.9616623": 0,
            "1640142724.036213": 1,
            "1640142731.1549342": 0,
            "1640142738.239249": 0,
            "1640142745.2861636": 0,
            "1640142752.3556283": 0,
            "1640142759.429425": 0,
            "1640142766.4851255": 0,
            "1640142773.5603194": 0,
            "1640142780.6072": 0,
            "1640142787.664222": 0,
            "1640142794.7588632": 0,
            "1640142801.811282": 0,
            "1640142808.8882425": 0,
            "1640142815.9363062": 1,
            "1640142822.999271": 1,
            "1640142830.065517": 0,
            "1640142837.1369202": 0,
            "1640142844.2072232": 0,
            "1640142851.2650454": 0,
            "1640142858.339366": 0,
            "1640142865.4135911": 0,
            "1640142872.4642427": 0,
            "1640142879.5386522": 0,
            "1640142886.7006826": 0,
            "1640142893.7520678": 0,
            "1640142900.7984767": 0,
            "1640142907.8801506": 0,
            "1640142914.929963": 0,
            "1640142921.9790838": 0,
            "1640142929.0304303": 0,
            "1640142936.199855": 0,
            "1640142943.2680361": 0,
            "1640142950.3300984": 0,
            "1640142957.4790764": 0,
            "1640142964.5814118": 0,
            "1640142971.655406": 0,
            "1640142978.7079172": 0,
            "1640142985.769216": 0
        },
        "Face": {
            "1640142533.1986306": "a",
            "1640142540.2378523": "a",
            "1640142547.3055298": "a",
            "1640142554.3591597": "a",
            "1640142561.4147427": "a",
            "1640142568.4661424": "a",
            "1640142575.5262513": "a",
            "1640142582.5802705": "a",
            "1640142589.6493187": "a",
            "1640142596.713108": "a",
            "1640142603.7648044": "a",
            "1640142610.8401158": "a",
            "1640142617.911467": "a",
            "1640142624.9963996": "a",
            "1640142632.0769777": "a",
            "1640142639.1259787": "a",
            "1640142646.2217412": "a",
            "1640142653.2791378": "a",
            "1640142660.3600316": "a",
            "1640142667.442347": "a",
            "1640142674.6191473": "a",
            "1640142681.6673548": "a",
            "1640142688.7217598": "a",
            "1640142695.7872772": "a",
            "1640142702.8539968": "a",
            "1640142709.9041924": "a",
            "1640142716.9616623": "a",
            "1640142724.036213": "a",
            "1640142731.1549342": "a",
            "1640142738.239249": "a",
            "1640142745.2861636": "a",
            "1640142752.3556283": "a",
            "1640142759.429425": "a",
            "1640142766.4851255": "a",
            "1640142773.5603194": "a",
            "1640142780.6072": "a",
            "1640142787.664222": "a",
            "1640142794.7588632": "a",
            "1640142801.811282": "a",
            "1640142808.8882425": "a",
            "1640142815.9363062": "a",
            "1640142822.999271": "a",
            "1640142830.065517": "a",
            "1640142837.1369202": "a",
            "1640142844.2072232": "a",
            "1640142851.2650454": "a",
            "1640142858.339366": "a",
            "1640142865.4135911": "a",
            "1640142872.4642427": "a",
            "1640142879.5386522": "a",
            "1640142886.7006826": "a",
            "1640142893.7520678": "a",
            "1640142900.7984767": "a",
            "1640142907.8801506": "a",
            "1640142914.929963": "a",
            "1640142921.9790838": "a",
            "1640142929.0304303": "a",
            "1640142936.199855": "a",
            "1640142943.2680361": "a",
            "1640142950.3300984": "a",
            "1640142957.4790764": "a",
            "1640142964.5814118": "a",
            "1640142971.655406": "a",
            "1640142978.7079172": "a",
            "1640142985.769216": "a"
        }
    },
    "192.168.2.162": {
        "Head": {
            "1640142533.1986306": 0,
            "1640142540.2378523": 0,
            "1640142547.3055298": 0,
            "1640142554.3591597": 0,
            "1640142561.4147427": 0,
            "1640142568.4661424": 0,
            "1640142575.5262513": 0,
            "1640142582.5802705": 0,
            "1640142589.6493187": 0,
            "1640142596.713108": 0,
            "1640142603.7648044": 0,
            "1640142610.8401158": 0,
            "1640142617.911467": 0,
            "1640142624.9963996": 0,
            "1640142632.0769777": 0,
            "1640142639.1259787": 1,
            "1640142646.2217412": 0,
            "1640142653.2791378": 0,
            "1640142660.3600316": 0,
            "1640142667.442347": 0,
            "1640142674.6191473": 0,
            "1640142681.6673548": 0,
            "1640142688.7217598": 0,
            "1640142695.7872772": 0,
            "1640142702.8539968": 0,
            "1640142709.9041924": 0,
            "1640142716.9616623": 0,
            "1640142724.036213": 0,
            "1640142731.1549342": 0,
            "1640142738.239249": 0,
            "1640142745.2861636": 0,
            "1640142752.3556283": 0,
            "1640142759.429425": 0,
            "1640142766.4851255": 0,
            "1640142773.5603194": 0,
            "1640142780.6072": 0,
            "1640142787.664222": 0,
            "1640142794.7588632": 0,
            "1640142801.811282": 0,
            "1640142808.8882425": 0,
            "1640142815.9363062": 0,
            "1640142822.999271": 0,
            "1640142830.065517": 0,
            "1640142837.1369202": 0,
            "1640142844.2072232": 0,
            "1640142851.2650454": 0,
            "1640142858.339366": 0,
            "1640142865.4135911": 0,
            "1640142872.4642427": 0,
            "1640142879.5386522": 0,
            "1640142886.7006826": 0,
            "1640142893.7520678": 0,
            "1640142900.7984767": 0,
            "1640142907.8801506": 0,
            "1640142914.929963": 0,
            "1640142921.9790838": 0,
            "1640142929.0304303": 0,
            "1640142936.199855": 0,
            "1640142943.2680361": 0,
            "1640142950.3300984": 0,
            "1640142957.4790764": 0,
            "1640142964.5814118": 0,
            "1640142971.655406": 0,
            "1640142978.7079172": 0,
            "1640142985.769216": 0
        },
        "Face": {
            "1640142533.1986306": "a",
            "1640142540.2378523": "a",
            "1640142547.3055298": "a",
            "1640142554.3591597": "a",
            "1640142561.4147427": "a",
            "1640142568.4661424": "a",
            "1640142575.5262513": "a",
            "1640142582.5802705": "a",
            "1640142589.6493187": "a",
            "1640142596.713108": "a",
            "1640142603.7648044": "a",
            "1640142610.8401158": "a",
            "1640142617.911467": "a",
            "1640142624.9963996": "a",