{
    "192.168.2.143": {
        "Head": {
            "1639903731.9875193": 0,
            "1639903739.029508": 1,
            "1639903746.086186": 0,
            "1639903753.1522288": 0,
            "1639903760.2164693": 0,
            "1639903767.2923176": 0,
            "1639903774.375201": 0,
            "1639903781.451821": 0,
            "1639903788.5323749": 0,
            "1639903795.601925": 0,
            "1639903802.6808102": 0,
            "1639903809.758596": 0,
            "1639903816.827667": 0,
            "1639903823.908075": 0,
            "1639903831.011259": 0,
            "1639903838.0944858": 0,
            "1639903845.1399066": 0,
            "1639903852.2351236": 0,
            "1639903859.3093443": 0,
            "1639903866.3829272": 0,
            "1639903873.4591162": 0,
            "1639903880.5365126": 0,
            "1639903887.602103": 0,
            "1639903894.6861": 0,
            "1639903901.7656922": 0,
            "1639903908.8544683": 0,
            "1639903915.9198542": 0,
            "1639903922.9776847": 0,
            "1639903930.051767": 0,
            "1639903937.1024482": 0,
            "1639903944.1689548": 0,
            "1639903951.233692": 0,
            "1639903958.2803533": 0,
            "1639903965.3521342": 0,
            "1639903972.4255378": 0,
            "1639903979.472951": 0,
            "1639903986.5330913": 0,
            "1639903993.605773": 0,
            "1639904000.6811454": 0,
            "1639904007.7380114": 0,
            "1639904014.8061996": 0,
            "1639904021.8615334": 0,
            "1639904028.9498427": 0,
            "1639904036.0037913": 0,
            "1639904043.073185": 0,
            "1639904050.123903": 0,
            "1639904057.1893792": 0,
            "1639904064.2646074": 0,
            "1639904071.3424265": 0,
            "1639904078.4263053": 0,
            "1639904085.4956224": 0,
            "1639904092.544178": 0,
            "1639904099.6018724": 0,
            "1639904106.6622372": 0,
            "1639904113.7223682": 0,
            "1639904120.80644": 0,
            "1639904127.8859568": 0,
            "1639904134.9758477": 0,
            "1639904142.067809": 0,
            "1639904149.154867": 0
        },
        "Face": {
            "1639903731.9875193": "a",
            "1639903739.029508": "a",
            "1639903746.086186": "a",
            "1639903753.1522288": "a",
            "1639903760.2164693": "a",
            "1639903767.2923176": "a",
            "1639903774.375201": "a",
            "1639903781.451821": "a",
            "1639903788.5323749": "a",
            "1639903795.601925": "a",
            "1639903802.6808102": "a",
            "1639903809.758596": "a",
            "1639903816.827667": "a",
            "1639903823.908075": "a",
            "1639903831.011259": "a",
            "1639903838.0944858": "a",
            "1639903845.1399066": "a",
            "1639903852.2351236": "a",
            "1639903859.3093443": "a",
            "1639903866.3829272": "a",
            "1639903873.4591162": "a",
            "1639903880.5365126": "a",
            "1639903887.602103": "a",
            "1639903894.6861": "a",
            "1639903901.7656922": "a",
            "1639903908.8544683": "a",
            "1639903915.9198542": "a",
            "1639903922.9776847": "a",
            "1639903930.051767": "a",
            "1639903937.1024482": "a",
            "1639903944.1689548": "a",
            "1639903951.233692": "a",
            "1639903958.2803533": "a",
            "1639903965.3521342": "a",
            "1639903972.4255378": "a",
            "1639903979.472951": "a",
            "1639903986.5330913": "a",
            "1639903993.605773": "a",
            "1639904000.6811454": "a",
            "1639904007.7380114": "a",
            "1639904014.8061996": "a",
            "1639904021.8615334": "a",
            "1639904028.9498427": "a",
            "1639904036.0037913": "a",
            "1639904043.073185": "a",
            "1639904050.123903": "a",
            "1639904057.1893792": "a",
            "1639904064.2646074": "a",
            "1639904071.3424265": "a",
            "1639904078.4263053": "a",
            "1639904085.4956224": "a",
            "1639904092.544178": "a",
            "1639904099.6018724": "a",
            "1639904106.6622372": "a",
            "1639904113.7223682": "a",
            "1639904120.80644": "a",
            "1639904127.8859568": "a",
            "1639904134.9758477": "a",
            "1639904142.067809": "a",
            "1639904149.154867": "a"
        }
    },
    "192.168.2.111": {
        "Head": {
            "1639903731.9875193": 1,
            "1639903739.029508": 0,
            "1639903746.086186": 1,
            "1639903753.1522288": 0,
            "1639903760.2164693": 0,
            "1639903767.2923176": 0,
            "1639903774.375201": 0,
            "1639903781.451821": 0,
            "1639903788.5323749": 0,
            "1639903795.601925": 0,
            "1639903802.6808102": 0,
            "1639903809.758596": 3,
            "1639903816.827667": 0,
            "1639903823.908075": 0,
            "1639903831.011259": 0,
            "1639903838.0944858": 1,
            "1639903845.1399066": 0,
            "1639903852.2351236": 0,
            "1639903859.3093443": 0,
            "1639903866.3829272": 0,
            "1639903873.4591162": 0,
            "1639903880.5365126": 0,
            "1639903887.602103": 0,
            "1639903894.6861": 0,
            "1639903901.7656922": 1,
            "1639903908.8544683": 0,
            "1639903915.9198542": 0,
            "1639903922.9776847": 0,
            "1639903930.051767": 1,
            "1639903937.1024482": 0,
            "1639903944.1689548": 0,
            "1639903951.233692": 1,
            "1639903958.2803533": 0,
            "1639903965.3521342": 0,
            "1639903972.4255378": 1,
            "1639903979.472951": 1,
            "1639903986.5330913": 0,
            "1639903993.605773": 0,
            "1639904000.6811454": 1,
            "1639904007.7380114": 0,
            "1639904014.8061996": 1,
            "1639904021.8615334": 0,
            "1639904028.9498427": 1,
            "1639904036.0037913": 0,
            "1639904043.073185": 1,
            "1639904050.123903": 0,
            "1639904057.1893792": 0,
            "1639904064.2646074": 0,
            "1639904071.3424265": 0,
            "1639904078.4263053": 0,
            "1639904085.4956224": 1,
            "1639904092.544178": 0,
            "1639904099.6018724": 0,
            "1639904106.6622372": 0,
            "1639904113.7223682": 0,
            "1639904120.80644": 0,
            "1639904127.8869545": 0,
            "1639904134.9758477": 0,
            "1639904142.067809": 0,
            "1639904149.154867": 0
        },
        "Face": {
            "1639903731.9875193": "a",
            "1639903739.029508": "a",
            "1639903746.086186": "a",
            "1639903753.1522288": "a",
            "1639903760.2164693": "a",
            "1639903767.2923176": "a",
            "1639903774.375201": "a",
            "1639903781.451821": "a",
            "1639903788.5323749": "a",
            "1639903795.601925": "a",
            "1639903802.6808102": "a",
            "1639903809.758596": "a",
            "1639903816.827667": "a",
            "1639903823.908075": "a",
            "1639903831.011259": "a",
            "1639903838.0944858": "a",
            "1639903845.1399066": "a",
            "1639903852.2351236": "a",
            "1639903859.3093443": "a",
            "1639903866.3829272": "a",
            "1639903873.4591162": "a",
            "1639903880.5365126": "a",
            "1639903887.602103": "a",
            "1639903894.6861": "a",
            "1639903901.7656922": "a",
            "1639903908.8544683": "a",
            "1639903915.9198542": "a",
            "1639903922.9776847": "a",
            "1639903930.051767": "a",