{
    "192.168.2.37": {
        "Head": {
            "1639991700.5362058": 1,
            "1639991707.6010966": 0,
            "1639991714.6602793": 0,
            "1639991721.8014288": 0,
            "1639991728.8895123": 0,
            "1639991735.9620886": 0,
            "1639991743.03904": 0,
            "1639991750.111369": 0,
            "1639991757.1723282": 0,
            "1639991764.3273797": 1,
            "1639991771.421249": 0,
            "1639991778.4896827": 0,
            "1639991785.5597835": 0,
            "1639991792.6329024": 0,
            "1639991799.7313616": 0,
            "1639991806.8267093": 0,
            "1639991813.9134643": 0,
            "1639991820.9815297": 1,
            "1639991828.0416436": 0,
            "1639991835.1216002": 0,
            "1639991842.1673183": 0,
            "1639991849.2112687": 0,
            "1639991856.2633662": 0,
            "1639991863.3276737": 0,
            "1639991870.4013004": 0,
            "1639991877.4626436": 0,
            "1639991884.534434": 0,
            "1639991891.6044283": 0,
            "1639991898.6703455": 0,
            "1639991905.7570288": 1,
            "1639991912.8200932": 0,
            "1639991919.8845396": 1,
            "1639991926.932239": 0,
            "1639991933.994442": 0,
            "1639991941.0605": 0,
            "1639991948.1312158": 0,
            "1639991955.1974833": 0,
            "1639991962.2554102": 0,
            "1639991969.3224444": 0,
            "1639991976.3912134": 0,
            "1639991983.4615734": 0,
            "1639991990.6445177": 0,
            "1639991997.7654784": 0,
            "1639992004.8456624": 0
        },
        "Face": {
            "1639991700.5362058": "a",
            "1639991707.6010966": "a",
            "1639991714.6602793": "a",
            "1639991721.8014288": "a",
            "1639991728.8895123": "a",
            "1639991735.9620886": "a",
            "1639991743.03904": "a",
            "1639991750.111369": "a",
            "1639991757.1723282": "a",
            "1639991764.3273797": "a",
            "1639991771.421249": "a",
            "1639991778.4896827": "a",
            "1639991785.5597835": "a",
            "1639991792.6329024": "a",
            "1639991799.7313616": "a",
            "1639991806.8267093": "a",
            "1639991813.9134643": "a",
            "1639991820.9815297": "a",
            "1639991828.0416436": "a",
            "1639991835.1216002": "a",
            "1639991842.1673183": "a",
            "1639991849.2112687": "a",
            "1639991856.2633662": "a",
            "1639991863.3276737": "a",
            "1639991870.4013004": "a",
            "1639991877.4626436": "a",
            "1639991884.534434": "a",
            "1639991891.6044283": "a",
            "1639991898.6703455": "a",
            "1639991905.7570288": "a",
            "1639991912.8200932": "a",
            "1639991919.8845396": "a",
            "1639991926.932239": "a",
            "1639991933.994442": "a",
            "1639991941.0605": "a",
            "1639991948.1312158": "a",
            "1639991955.1974833": "a",
            "1639991962.2554102": "a",
            "1639991969.3224444": "a",
            "1639991976.3912134": "a",
            "1639991983.4615734": "a",
            "1639991990.6445177": "a",
            "1639991997.7654784": "a",
            "1639992004.8456624": "a"
        }
    },
    "192.168.2.92": {
        "Head": {
            "1639991700.5372024": 1,
            "1639991707.6010966": 0,
            "1639991714.6602793": 0,
            "1639991721.8014288": 0,
            "1639991728.8895123": 0,
            "1639991735.9620886": 0,
            "1639991743.03904": 0,
            "1639991750.111369": 1,
            "1639991757.1723282": 0,
            "1639991764.3273797": 0,
            "1639991771.421249": 0,
            "1639991778.4896827": 0,
            "1639991785.5597835": 0,
            "1639991792.6329024": 0,
            "1639991799.7313616": 0,
            "1639991806.8267093": 0,
            "1639991813.9134643": 0,
            "1639991820.9815297": 0,
            "1639991828.0416436": 0,
            "1639991835.1216002": 0,
            "1639991842.1673183": 0,
            "1639991849.2112687": 0,
            "1639991856.2643647": 0,
            "1639991863.3276737": 0,
            "1639991870.4013004": 0,
            "1639991877.4626436": 0,
            "1639991884.534434": 0,
            "1639991891.6044283": 0,
            "1639991898.6703455": 0,
            "1639991905.7570288": 0,
            "1639991912.8210897": 0,
            "1639991919.8845396": 0,
            "1639991926.932239": 0,
            "1639991933.994442": 0,
            "1639991941.0605": 0,
            "1639991948.1312158": 0,
            "1639991955.1974833": 0,
            "1639991962.2554102": 0,
            "1639991969.3224444": 0,
            "1639991976.3912134": 0,
            "1639991983.4615734": 0,
            "1639991990.6445177": 0,
            "1639991997.7654784": 0,
            "1639992004.8456624": 0
        },
        "Face": {
            "1639991700.5372024": "a",
            "1639991707.6010966": "a",
            "1639991714.6602793": "a",
            "1639991721.8014288": "a",
            "1639991728.8895123": "a",
            "1639991735.9620886": "a",
            "1639991743.03904": "a",
            "1639991750.111369": "a",
            "1639991757.1723282": "a",
            "1639991764.3273797": "a",
            "1639991771.421249": "a",
            "1639991778.4896827": "a",
            "1639991785.5597835": "a",
            "1639991792.6329024": "a",
            "1639991799.7313616": "a",
            "1639991806.8267093": "a",
            "1639991813.9134643": "a",
            "1639991820.9815297": "a",
            "1639991828.0416436": "a",
            "1639991835.1216002": "a",
            "1639991842.1673183": "a",
            "1639991849.2112687": "a",
            "1639991856.2643647": "a",
            "1639991863.3276737": "a",
            "1639991870.4013004": "a",
            "1639991877.4626436": "a",
            "1639991884.534434": "a",
            "1639991891.6044283": "a",
            "1639991898.6703455": "a",
            "1639991905.7570288": "a",
            "1639991912.8210897": "a",
            "1639991919.8845396": "a",
            "1639991926.932239": "a",
            "1639991933.994442": "a",
            "1639991941.0605": "a",
            "1639991948.1312158": "a",
            "1639991955.1974833": "a",
            "1639991962.2554102": "a",
            "1639991969.3224444": "a",
            "1639991976.3912134": "a",
            "1639991983.4615734": "a",
            "1639991990.6445177": "a",
            "1639991997.7654784": "a",
            "1639992004.8456624": "a"
        }
    }
}