{
    "Head": {
        "1": 0.11956521739130435,
        "0": 0.8796583850931677,
        "3": 0.0007763975155279503
    },
    "Face": {
        "a": 0.9448757763975155,
        "b": 0.05512422360248447
    }
}