,precision,recall,f1-score,support,sum_fit_time
others,0.966,0.989,0.977,11290,43.7944917678833
nod,0.937,0.845,0.889,1551,43.7944917678833
shake,0.941,0.871,0.905,1544,43.7944917678833
accuracy,0.961,0.961,0.961,0,43.7944917678833
macro avg,0.948,0.902,0.924,14385,43.7944917678833
weighted avg,0.96,0.961,0.96,14385,43.7944917678833
