{
    "192.168.2.162": {
        "Head": {
            "1640139596.5177839": 1,
            "1640139603.69811": 0,
            "1640139610.7539165": 0,
            "1640139617.8170407": 0,
            "1640139624.8824174": 0,
            "1640139631.9464989": 0,
            "1640139639.008472": 0,
            "1640139646.1680408": 0,
            "1640139653.225472": 0,
            "1640139660.2838006": 0,
            "1640139667.3618343": 0,
            "1640139674.4215276": 0,
            "1640139681.4966683": 0,
            "1640139688.5556703": 0,
            "1640139695.6217132": 0,
            "1640139702.6830163": 0,
            "1640139709.7408626": 0,
            "1640139716.8256679": 0,
            "1640139723.9118874": 0,
            "1640139731.0636725": 1,
            "1640139738.1415045": 0,
            "1640139745.2044837": 0,
            "1640139752.268719": 0,
            "1640139759.3114753": 0,
            "1640139766.3764803": 0,
            "1640139773.4343324": 0,
            "1640139780.5099516": 0,
            "1640139787.5843213": 0,
            "1640139794.6384645": 0,
            "1640139801.6869671": 0,
            "1640139808.9324617": 0,
            "1640139815.9913266": 0,
            "1640139823.048225": 0,
            "1640139830.1275892": 0,
            "1640139837.190004": 0,
            "1640139844.2602785": 0,
            "1640139851.3391538": 0,
            "1640139858.4293818": 0,
            "1640139865.5018926": 0,
            "1640139872.5591063": 0,
            "1640139879.6339514": 0,
            "1640139886.8277218": 0,
            "1640139893.9007225": 0,
            "1640139900.958438": 0,
            "1640139908.005486": 0,
            "1640139915.0762923": 0,
            "1640139922.124849": 0,
            "1640139929.1983964": 0,
            "1640139936.2560692": 0,
            "1640139943.3816893": 0,
            "1640139950.4497721": 0,
            "1640139957.496964": 0,
            "1640139964.5867352": 0,
            "1640139971.6392658": 0,
            "1640139978.6938696": 0
        },
        "Face": {
            "1640139596.5177839": "b",
            "1640139603.69811": "f",
            "1640139610.7539165": "e",
            "1640139617.8170407": "e",
            "1640139624.8824174": "e",
            "1640139631.9464989": "e",
            "1640139639.008472": "e",
            "1640139646.1680408": "e",
            "1640139653.225472": "e",
            "1640139660.2838006": "e",
            "1640139667.3618343": "e",
            "1640139674.4215276": "e",
            "1640139681.4966683": "e",
            "1640139688.5556703": "e",
            "1640139695.6217132": "e",
            "1640139702.6830163": "e",
            "1640139709.7408626": "e",
            "1640139716.8256679": "e",
            "1640139723.9118874": "e",
            "1640139731.0636725": "e",
            "1640139738.1415045": "e",
            "1640139745.2044837": "e",
            "1640139752.268719": "e",
            "1640139759.3114753": "e",
            "1640139766.3764803": "e",
            "1640139773.4343324": "e",
            "1640139780.5099516": "e",
            "1640139787.5843213": "e",
            "1640139794.6384645": "e",
            "1640139801.6869671": "e",
            "1640139808.9324617": "e",
            "1640139815.9913266": "e",
            "1640139823.048225": "e",
            "1640139830.1275892": "e",
            "1640139837.190004": "e",
            "1640139844.2602785": "e",
            "1640139851.3391538": "f",
            "1640139858.4293818": "f",
            "1640139865.5018926": "f",
            "1640139872.5591063": "e",
            "1640139879.6339514": "e",
            "1640139886.8277218": "e",
            "1640139893.9007225": "e",
            "1640139900.958438": "e",
            "1640139908.005486": "b",
            "1640139915.0762923": "b",
            "1640139922.124849": "b",
            "1640139929.1983964": "f",
            "1640139936.2560692": "e",
            "1640139943.3816893": "f",
            "1640139950.4497721": "e",
            "1640139957.496964": "e",
            "1640139964.5867352": "e",
            "1640139971.6392658": "e",
            "1640139978.6938696": "f"
        }
    },
    "192.168.2.92": {
        "Head": {
            "1640139596.5177839": 0,
            "1640139603.69811": 0,
            "1640139610.7539165": 0,
            "1640139617.8170407": 0,
            "1640139624.8824174": 0,
            "1640139631.9464989": 0,
            "1640139639.008472": 0,
            "1640139646.1680408": 0,
            "1640139653.225472": 0,
            "1640139660.2838006": 0,
            "1640139667.3618343": 0,
            "1640139674.4215276": 0,
            "1640139681.4966683": 0,
            "1640139688.5556703": 0,
            "1640139695.6217132": 0,
            "1640139702.6830163": 0,
            "1640139709.7408626": 1,
            "1640139716.8256679": 0,
            "1640139723.9118874": 0,
            "1640139731.0636725": 0,
            "1640139738.1415045": 0,
            "1640139745.2044837": 1,
            "1640139752.268719": 1,
            "1640139759.3114753": 0,
            "1640139766.3764803": 0,
            "1640139773.4353497": 0,
            "1640139780.5099516": 0,
            "1640139787.5843213": 0,
            "1640139794.6384645": 0,
            "1640139801.6869671": 0,
            "1640139808.9324617": 0,
            "1640139815.9913266": 0,
            "1640139823.048225": 0,
            "1640139830.1275892": 0,
            "1640139837.190004": 0,
            "1640139844.2602785": 0,
            "1640139851.3391538": 0,
            "1640139858.4293818": 1,
            "1640139865.5018926": 0,
            "1640139872.5591063": 1,
            "1640139879.6339514": 0,
            "1640139886.8277218": 0,
            "1640139893.9007225": 0,
            "1640139900.958438": 0,
            "1640139908.005486": 0,
            "1640139915.0762923": 0,
            "1640139922.124849": 0,
            "1640139929.1983964": 0,
            "1640139936.2560692": 0,
            "1640139943.3816893": 1,
            "1640139950.4497721": 0,
            "1640139957.496964": 0,
            "1640139964.5867352": 0,
            "1640139971.6392658": 0,
            "1640139978.6938696": 0
        },
        "Face": {
            "1640139596.5177839": "b",
            "1640139603.69811": "b",
            "1640139610.7539165": "d",
            "1640139617.8170407": "d",
            "1640139624.8824174": "d",
            "1640139631.9464989": "d",
            "1640139639.008472": "a",
            "1640139646.1680408": "d",
            "1640139653.225472": "d",
            "1640139660.2838006": "d",
            "1640139667.3618343": "d",
            "1640139674.4215276": "d",
            "1640139681.4966683": "d",
            "1640139688.5556703": "d",
            "1640139695.6217132": "d",
            "1640139702.6830163": "b",
            "1640139709.7408626": "a",
            "1640139716.8256679": "d",
            "1640139723.9118874": "d",
            "1640139731.0636725": "a",
            "1640139738.1415045": "a",
            "1640139745.2044837": "d",
            "1640139752.268719": "d",
            "1640139759.3114753": "d",
            "1640139766.3764803": "d",
            "1640139773.4353497": "d",
            "1640139780.5099516": "b",
            "1640139787.5843213": "a",
            "1640139794.6384645": "a",
            "1640139801.6869671": "a",
            "1640139808.9324617": "a",
            "1640139815.9913266": "b",
            "1640139823.048225": "b",
            "1640139830.1275892": "a",
            "1640139837.190004": "a",
            "1640139844.2602785": "d",
            "1640139851.3391538": "d",
            "1640139858.4293818": "a",
            "1640139865.5018926": "a",
            "1640139872.5591063": "a",
            "1640139879.6339514": "b",
            "1640139886.8277218": "d",