{
    "192.168.2.162": {
        "Head": {
            "1640571308.0680692": 1,
            "1640571315.118695": 1,
            "1640571322.1750498": 2,
            "1640571329.231391": 1,
            "1640571336.2741246": 1,
            "1640571343.3383222": 1,
            "1640571350.392186": 1,
            "1640571357.4573908": 2,
            "1640571364.5063982": 1,
            "1640571371.5512836": 1,
            "1640571378.5889843": 1,
            "1640571385.6275015": 1,
            "1640571392.6841197": 0,
            "1640571399.7716699": 0,
            "1640571406.8520217": 0,
            "1640571413.9275217": 0,
            "1640571420.983313": 0,
            "1640571428.0562766": 0,
            "1640571435.129243": 0,
            "1640571442.182288": 1,
            "1640571449.243483": 0,
            "1640571456.3128955": 0,
            "1640571463.412444": 0,
            "1640571470.4695728": 0,
            "1640571477.541945": 0,
            "1640571484.618961": 1,
            "1640571491.677699": 2,
            "1640571498.72347": 1,
            "1640571505.7667565": 0,
            "1640571512.809256": 0,
            "1640571519.8899972": 0,
            "1640571526.9801958": 0,
            "1640571534.0575895": 0,
            "1640571541.2152886": 0,
            "1640571548.3026178": 0,
            "1640571555.3796382": 2,
            "1640571562.4340167": 0,
            "1640571569.479777": 0,
            "1640571576.5405383": 0,
            "1640571583.6108885": 0,
            "1640571590.6826015": 1,
            "1640571597.7597497": 0,
            "1640571604.8118088": 0,
            "1640571611.8534212": 0,
            "1640571618.890737": 0,
            "1640571625.9308913": 2,
            "1640571632.9846754": 0,
            "1640571640.0316224": 0,
            "1640571647.113158": 1,
            "1640571654.1648936": 0,
            "1640571661.229611": 0,
            "1640571668.2968223": 0,
            "1640571675.37451": 0
        },
        "Face": {
            "1640571308.0680692": "b",
            "1640571315.118695": "b",
            "1640571322.1750498": "e",
            "1640571329.231391": "z",
            "1640571336.2741246": "z",
            "1640571343.3383222": "z",
            "1640571350.392186": "e",
            "1640571357.4573908": "a",
            "1640571364.5063982": "b",
            "1640571371.5512836": "b",
            "1640571378.5889843": "b",
            "1640571385.6275015": "e",
            "1640571392.6841197": "b",
            "1640571399.7716699": "e",
            "1640571406.8520217": "e",
            "1640571413.9275217": "e",
            "1640571420.983313": "e",
            "1640571428.0562766": "e",
            "1640571435.129243": "e",
            "1640571442.182288": "b",
            "1640571449.243483": "b",
            "1640571456.3128955": "b",
            "1640571463.412444": "e",
            "1640571470.4695728": "e",
            "1640571477.541945": "e",
            "1640571484.618961": "b",
            "1640571491.677699": "b",
            "1640571498.72347": "b",
            "1640571505.7667565": "b",
            "1640571512.809256": "e",
            "1640571519.8899972": "e",
            "1640571526.9801958": "e",
            "1640571534.0575895": "e",
            "1640571541.2152886": "e",
            "1640571548.3026178": "b",
            "1640571555.3796382": "b",
            "1640571562.4340167": "b",
            "1640571569.479777": "b",
            "1640571576.5405383": "b",
            "1640571583.6108885": "a",
            "1640571590.6826015": "b",
            "1640571597.7597497": "e",
            "1640571604.8118088": "e",
            "1640571611.8534212": "e",
            "1640571618.890737": "b",
            "1640571625.9308913": "b",
            "1640571632.9846754": "e",
            "1640571640.0316224": "b",
            "1640571647.113158": "b",
            "1640571654.1648936": "z",
            "1640571661.229611": "z",
            "1640571668.2968223": "z",
            "1640571675.37451": "z"
        }
    },
    "192.168.2.92": {
        "Head": {
            "1640571308.069071": 1,
            "1640571315.118695": 0,
            "1640571322.1750498": 0,
            "1640571329.231391": 0,
            "1640571336.2741246": 0,
            "1640571343.3383222": 0,
            "1640571350.392186": 1,
            "1640571357.4573908": 0,
            "1640571364.5063982": 0,
            "1640571371.5512836": 0,
            "1640571378.5889843": 0,
            "1640571385.6275015": 1,
            "1640571392.6841197": 0,
            "1640571399.7716699": 0,
            "1640571406.8520217": 0,
            "1640571413.9275217": 1,
            "1640571420.983313": 0,
            "1640571428.0562766": 0,
            "1640571435.129243": 1,
            "1640571442.182288": 0,
            "1640571449.2424867": 0,
            "1640571456.3128955": 0,
            "1640571463.412444": 0,
            "1640571470.4695728": 0,
            "1640571477.541945": 0,
            "1640571484.618961": 0,
            "1640571491.677699": 0,
            "1640571498.72347": 0,
            "1640571505.7667565": 1,
            "1640571512.809256": 0,
            "1640571519.8899972": 0,
            "1640571526.9801958": 0,
            "1640571534.0575895": 1,
            "1640571541.2152886": 0,
            "1640571548.3026178": 0,
            "1640571555.3796382": 0,
            "1640571562.4340167": 1,
            "1640571569.479777": 1,
            "1640571576.5405383": 0,
            "1640571583.6108885": 0,
            "1640571590.6826015": 0,
            "1640571597.7597497": 1,
            "1640571604.8128037": 1,
            "1640571611.8534212": 1,
            "1640571618.890737": 1,
            "1640571625.9308913": 0,
            "1640571632.9846754": 0,
            "1640571640.0316224": 0,
            "1640571647.113158": 0,
            "1640571654.1648936": 0,
            "1640571661.229611": 0,
            "1640571668.2968223": 0
        },
        "Face": {
            "1640571308.069071": "d",
            "1640571315.118695": "d",
            "1640571322.1750498": "d",
            "1640571329.231391": "d",
            "1640571336.2741246": "d",
            "1640571343.3383222": "d",
            "1640571350.392186": "z",
            "1640571357.4573908": "z",
            "1640571364.5063982": "z",
            "1640571371.5512836": "z",
            "1640571378.5889843": "d",
            "1640571385.6275015": "d",
            "1640571392.6841197": "d",
            "1640571399.7716699": "d",
            "1640571406.8520217": "d",
            "1640571413.9275217": "d",
            "1640571420.983313": "d",
            "1640571428.0562766": "d",
            "1640571435.129243": "d",
            "1640571442.182288": "d",
            "1640571449.2424867": "d",
            "1640571456.3128955": "d",
            "1640571463.412444": "d",
            "1640571470.4695728": "d",
            "1640571477.541945": "d",
            "1640571484.618961": "z",
            "1640571491.677699": "d",
            "1640571498.72347": "d",
            "1640571505.7667565": "z",
            "1640571512.809256": "z",
            "1640571519.8899972": "z",
            "1640571526.9801958": "z",
            "1640571534.0575895": "d",
            "1640571541.2152886": "b",
            "1640571548.3026178": "d",
            "1640571555.3796382": "d",
            "1640571562.4340167": "d",
            "1640571569.479777": "d",
            "1640571576.5405383": "d",
            "1640571583.6108885": "d",
            "1640571590.6826015": "z",
            "1640571597.7597497": "d",
            "1640571604.8128037": "d",
            "1640571611.8534212": "d",
            "1640571618.890737": "z",
            "1640571625.9308913": "d",
            "1640571632.9846754": "d",
            "1640571640.0316224": "d",
            "1640571647.113158": "d",
            "1640571654.1648936": "z",