{
    "192.168.2.92": {
        "Head": {
            "1639979126.9267395": 1,
            "1639979133.9914436": 0,
            "1639979141.069623": 0,
            "1639979148.1264515": 1,
            "1639979155.2024655": 1,
            "1639979162.2394133": 0,
            "1639979169.3265033": 0,
            "1639979176.4134176": 0,
            "1639979183.5135162": 1,
            "1639979190.5876982": 1,
            "1639979197.6538146": 0,
            "1639979204.702714": 0,
            "1639979211.746524": 0,
            "1639979218.8010323": 0,
            "1639979225.874032": 1,
            "1639979232.9211235": 1,
            "1639979239.9783466": 0,
            "1639979247.0622935": 0,
            "1639979254.143894": 0,
            "1639979261.2244875": 0,
            "1639979268.2768295": 0,
            "1639979275.39061": 1,
            "1639979282.441035": 1,
            "1639979289.5526419": 0,
            "1639979296.6269958": 0,
            "1639979303.6812127": 0,
            "1639979310.7570386": 0,
            "1639979317.8284476": 0,
            "1639979324.912004": 0,
            "1639979331.994809": 0,
            "1639979339.0490606": 0,
            "1639979346.1183856": 0,
            "1639979353.198162": 0,
            "1639979360.2646759": 0,
            "1639979367.3526566": 1,
            "1639979374.3977704": 1,
            "1639979381.4638338": 0,
            "1639979388.5157635": 0,
            "1639979395.5760853": 0,
            "1639979402.6487715": 0,
            "1639979409.7128224": 1,
            "1639979416.7715864": 0,
            "1639979423.9589705": 0,
            "1639979431.040237": 0,
            "1639979438.1234713": 0,
            "1639979445.1892831": 0,
            "1639979452.3356547": 0,
            "1639979459.4068604": 0,
            "1639979466.4787483": 1,
            "1639979473.5503414": 0,
            "1639979480.615826": 0,
            "1639979487.6685889": 0,
            "1639979494.7305248": 0,
            "1639979501.842655": 0,
            "1639979508.8950264": 0,
            "1639979515.9500074": 0,
            "1639979523.03408": 0,
            "1639979530.0951145": 0,
            "1639979537.166811": 0,
            "1639979544.238417": 0,
            "1639979551.2879603": 0,
            "1639979558.3601074": 0,
            "1639979565.4308925": 0,
            "1639979572.502954": 0,
            "1639979579.5792654": 0,
            "1639979586.6217537": 0,
            "1639982145.2351189": 1,
            "1639982152.534932": 1,
            "1639982159.7678123": 0,
            "1639982166.8499007": 0,
            "1639982174.3880162": 0,
            "1639982187.3680842": 0,
            "1639982194.449523": 0,
            "1639982201.5496163": 0,
            "1639982208.6252284": 0,
            "1639982215.7016466": 0,
            "1639982222.7817361": 0,
            "1639982229.8648686": 0,
            "1639982236.9333687": 0,
            "1639982244.0101683": 1,
            "1639982251.0981376": 1,
            "1639982258.5092878": 1,
            "1639982270.4818685": 2,
            "1639982277.5509243": 0,
            "1639982284.6319103": 1,
            "1639982291.8923144": 0,
            "1639982298.9702337": 0,
            "1639982306.0331957": 0,
            "1639982314.3445942": 1,
            "1639982321.4933264": 0,
            "1639982328.5765038": 0,
            "1639982335.6577475": 0,
            "1639982342.7401757": 1,
            "1639982349.823234": 0,
            "1639982356.9312797": 1,
            "1639982363.9863691": 1,
            "1639982371.0426757": 1,
            "1639982378.092827": 1,
            "1639982385.1695094": 0,
            "1639982392.2438238": 0,
            "1639982399.3354743": 1,
            "1639982406.3880622": 0,
            "1639982413.4417398": 0,
            "1639982420.5239613": 0,
            "1639982427.6171305": 0,
            "1639982434.697083": 0,
            "1639982441.795121": 0,
            "1639982448.8854947": 1,
            "1639982455.9458358": 0,
            "1639982463.018962": 1,
            "1639982470.069232": 0,
            "1639982477.1352754": 0,
            "1639982484.2158525": 0,
            "1639982491.2951224": 1,
            "1639982498.348913": 0,
            "1639982505.418407": 1,
            "1639982512.4690113": 0,
            "1639982519.560697": 1,
            "1639982526.6844623": 0,
            "1639982533.8235648": 0
        },
        "Face": {
            "1639979126.9267395": "a",
            "1639979133.9914436": "a",
            "1639979141.069623": "a",
            "1639979148.1264515": "a",
            "1639979155.2024655": "a",
            "1639979162.2394133": "a",
            "1639979169.3265033": "a",
            "1639979176.4134176": "a",
            "1639979183.5135162": "a",
            "1639979190.5876982": "a",
            "1639979197.6538146": "a",
            "1639979204.702714": "a",
            "1639979211.746524": "a",
            "1639979218.8010323": "a",
            "1639979225.874032": "a",
            "1639979232.9211235": "a",
            "1639979239.9783466": "a",
            "1639979247.0622935": "a",
            "1639979254.143894": "a",
            "1639979261.2244875": "a",
            "1639979268.2768295": "a",
            "1639979275.39061": "a",
            "1639979282.441035": "a",
            "1639979289.5526419": "a",
            "1639979296.6269958": "a",
            "1639979303.6812127": "a",
            "1639979310.7570386": "a",
            "1639979317.8284476": "a",
            "1639979324.912004": "a",
            "1639979331.994809": "a",
            "1639979339.0490606": "a",
            "1639979346.1183856": "a",
            "1639979353.198162": "a",
            "1639979360.2646759": "a",
            "1639979367.3526566": "a",
            "1639979374.3977704": "a",
            "1639979381.4638338": "a",
            "1639979388.5157635": "a",
            "1639979395.5760853": "a",
            "1639979402.6487715": "a",
            "1639979409.7128224": "a",
            "1639979416.7715864": "a",
            "1639979423.9589705": "a",
            "1639979431.040237": "a",
            "1639979438.1234713": "a",
            "1639979445.1892831": "a",
            "1639979452.3356547": "a",
            "1639979459.4068604": "a",
            "1639979466.4787483": "a",
            "1639979473.5503414": "a",
            "1639979480.615826": "a",
            "1639979487.6685889": "a",
            "1639979494.7305248": "a",
            "1639979501.842655": "a",
            "1639979508.8950264": "a",
            "1639979515.9500074": "a",
            "1639979523.03408": "a",
            "1639979530.0951145": "a",
            "1639979537.166811": "a",
            "1639979544.238417": "a",
            "1639979551.2879603": "a",
            "1639979558.3601074": "a",
            "1639979565.4308925": "a",
            "1639979572.502954": "a",
            "1639979579.5792654": "a",
            "1639979586.6217537": "a",
            "1639982145.2351189": "b",
            "1639982152.534932": "d",
            "1639982159.7678123": "d",
            "1639982166.8499007": "d",
            "1639982174.3880162": "a",
            "1639982187.3680842": "a",
            "1639982194.449523": "d",
            "1639982201.5496163": "d",
            "1639982208.6252284": "b",
            "1639982215.7016466": "d",
            "1639982222.7817361": "d",
            "1639982229.8648686": "b",
            "1639982236.9333687": "b",
            "1639982244.0101683": "b",
            "1639982251.0981376": "e",
            "1639982258.5092878": "a",
            "1639982270.4818685": "a",
            "1639982277.5509243": "d",
            "1639982284.6319103": "d",
            "1639982291.8923144": "d",
            "1639982298.9702337": "d",
            "1639982306.0331957": "d",
            "1639982314.3445942": "a",
            "1639982321.4933264": "a",