{
    "192.168.2.92": {
        "Head": {
            "1639985845.7337399": 0,
            "1639985852.805874": 0,
            "1639985859.8992908": 0,
            "1639985866.9841423": 0,
            "1639985874.0510225": 0,
            "1639985881.121462": 0,
            "1639985888.1833453": 0,
            "1639985895.2621095": 0,
            "1639985902.3564484": 0,
            "1639985909.451144": 0,
            "1639985916.5140765": 0,
            "1639985923.6268585": 0,
            "1639985930.7499835": 0,
            "1639985937.8093739": 0,
            "1639985944.8805995": 0,
            "1639985951.9559796": 0,
            "1639985959.0424745": 0,
            "1639985966.1192238": 0,
            "1639985973.2113786": 0,
            "1639985980.281474": 0,
            "1639985987.3414907": 0,
            "1639985994.4065967": 0,
            "1639986001.5111208": 0,
            "1639986008.5889177": 0,
            "1639986015.6486645": 0,
            "1639986022.7062147": 0,
            "1639986029.7566469": 0,
            "1639986036.8094158": 0,
            "1639986043.8663847": 0,
            "1639986050.926517": 0,
            "1639986058.0039423": 0,
            "1639986065.1642597": 0,
            "1639986072.2415586": 0,
            "1639986079.3140936": 0,
            "1639986086.3685086": 0,
            "1639986093.4562597": 0,
            "1639986100.539483": 1,
            "1639986107.612572": 0,
            "1639986114.6806676": 0,
            "1639986121.7349315": 0,
            "1639986128.7907503": 0,
            "1639986135.8609295": 0,
            "1639986143.0448205": 0,
            "1639986150.1217957": 0
        },
        "Face": {
            "1639985845.7337399": "a",
            "1639985852.805874": "a",
            "1639985859.8992908": "a",
            "1639985866.9841423": "a",
            "1639985874.0510225": "a",
            "1639985881.121462": "a",
            "1639985888.1833453": "a",
            "1639985895.2621095": "a",
            "1639985902.3564484": "a",
            "1639985909.451144": "a",
            "1639985916.5140765": "a",
            "1639985923.6268585": "a",
            "1639985930.7499835": "a",
            "1639985937.8093739": "a",
            "1639985944.8805995": "a",
            "1639985951.9559796": "a",
            "1639985959.0424745": "a",
            "1639985966.1192238": "a",
            "1639985973.2113786": "a",
            "1639985980.281474": "a",
            "1639985987.3414907": "a",
            "1639985994.4065967": "a",
            "1639986001.5111208": "a",
            "1639986008.5889177": "a",
            "1639986015.6486645": "a",
            "1639986022.7062147": "a",
            "1639986029.7566469": "a",
            "1639986036.8094158": "a",
            "1639986043.8663847": "a",
            "1639986050.926517": "a",
            "1639986058.0039423": "a",
            "1639986065.1642597": "a",
            "1639986072.2415586": "a",
            "1639986079.3140936": "a",
            "1639986086.3685086": "a",
            "1639986093.4562597": "a",
            "1639986100.539483": "a",
            "1639986107.612572": "a",
            "1639986114.6806676": "a",
            "1639986121.7349315": "a",
            "1639986128.7907503": "a",
            "1639986135.8609295": "a",
            "1639986143.0448205": "a",
            "1639986150.1217957": "a"
        }
    },
    "192.168.2.162": {
        "Head": {
            "1639985845.7347374": 1,
            "1639985852.805874": 0,
            "1639985859.8992908": 0,
            "1639985866.9841423": 0,
            "1639985874.0510225": 0,
            "1639985881.121462": 0,
            "1639985888.1833453": 0,
            "1639985895.2621095": 0,
            "1639985902.3564484": 0,
            "1639985909.451144": 0,
            "1639985916.5140765": 0,
            "1639985923.6268585": 0,
            "1639985930.7499835": 0,
            "1639985937.8093739": 0,
            "1639985944.8805995": 0,
            "1639985951.9559796": 0,
            "1639985959.0424745": 0,
            "1639985966.1192238": 0,
            "1639985973.2103856": 0,
            "1639985980.281474": 0,
            "1639985987.3414907": 0,
            "1639985994.4065967": 0,
            "1639986001.5111208": 0,
            "1639986008.5889177": 0,
            "1639986015.6486645": 0,
            "1639986022.7062147": 0,
            "1639986029.7566469": 0,
            "1639986036.8094158": 0,
            "1639986043.8663847": 0,
            "1639986050.926517": 0,
            "1639986058.0039423": 0,
            "1639986065.1642597": 0,
            "1639986072.2415586": 0,
            "1639986079.3140936": 0,
            "1639986086.3685086": 0,
            "1639986093.4562597": 0,
            "1639986100.539483": 0,
            "1639986107.612572": 0,
            "1639986114.6806676": 0,
            "1639986121.7349315": 0,
            "1639986128.7907503": 0,
            "1639986135.8609295": 0,
            "1639986143.0448205": 0,
            "1639986150.1217957": 0
        },
        "Face": {
            "1639985845.7347374": "a",
            "1639985852.805874": "a",
            "1639985859.8992908": "a",
            "1639985866.9841423": "a",
            "1639985874.0510225": "a",
            "1639985881.121462": "a",
            "1639985888.1833453": "a",
            "1639985895.2621095": "a",
            "1639985902.3564484": "a",
            "1639985909.451144": "a",
            "1639985916.5140765": "a",
            "1639985923.6268585": "a",
            "1639985930.7499835": "a",
            "1639985937.8093739": "a",
            "1639985944.8805995": "a",
            "1639985951.9559796": "a",
            "1639985959.0424745": "a",
            "1639985966.1192238": "a",
            "1639985973.2103856": "a",
            "1639985980.281474": "a",
            "1639985987.3414907": "a",
            "1639985994.4065967": "a",
            "1639986001.5111208": "a",
            "1639986008.5889177": "a",
            "1639986015.6486645": "a",
            "1639986022.7062147": "a",
            "1639986029.7566469": "a",
            "1639986036.8094158": "a",
            "1639986043.8663847": "a",
            "1639986050.926517": "a",
            "1639986058.0039423": "a",
            "1639986065.1642597": "a",
            "1639986072.2415586": "a",
            "1639986079.3140936": "a",
            "1639986086.3685086": "a",
            "1639986093.4562597": "a",
            "1639986100.539483": "a",
            "1639986107.612572": "a",
            "1639986114.6806676": "a",
            "1639986121.7349315": "a",
            "1639986128.7907503": "a",
            "1639986135.8609295": "a",
            "1639986143.0448205": "a",
            "1639986150.1217957": "a"
        }
    }
}