{
    "192.168.2.111": {
        "Head": {
            "1639886141.3914146": 0,
            "1639886148.7351205": 0,
            "1639886155.975067": 0,
            "1639886163.0757067": 0,
            "1639886171.7647521": 0,
            "1639886179.061284": 0,
            "1639886186.2605782": 0,
            "1639886193.5254724": 0,
            "1639886200.634804": 0,
            "1639886207.747766": 0,
            "1639886214.833068": 0,
            "1639886222.0275335": 0,
            "1639886229.1576838": 0,
            "1639886236.2493448": 0,
            "1639886243.3137357": 0,
            "1639886250.4747903": 0,
            "1639886257.6326323": 0,
            "1639886264.7333162": 0,
            "1639886271.8118422": 0,
            "1639886279.0369105": 0,
            "1639886286.150757": 0,
            "1639886293.308339": 0,
            "1639886300.4595935": 0,
            "1639886308.232382": 0,
            "1639886315.3512847": 0,
            "1639886322.9831374": 0,
            "1639886330.3637717": 0,
            "1639886337.616568": 0,
            "1639886345.5462613": 0,
            "1639886354.9269152": 0,
            "1639886366.9627278": 0,
            "1639886374.1820965": 0,
            "1639886381.2882159": 0,
            "1639886388.4824243": 0,
            "1639886396.011343": 0,
            "1639886403.6887872": 0,
            "1639886415.0495145": 0,
            "1639886422.2757375": 0,
            "1639886432.3780284": 0,
            "1639886439.4494355": 0,
            "1639886446.5307026": 0,
            "1639887456.7898514": 0,
            "1639887463.8587797": 0,
            "1639887471.0079174": 0,
            "1639887478.106645": 0,
            "1639887485.1595674": 0,
            "1639887490.0837731": 0,
            "1639887497.162369": 0,
            "1639887504.2535188": 0,
            "1639887511.3243082": 0,
            "1639887518.3847346": 0,
            "1639887525.4659061": 0,
            "1639887532.557876": 0
        },
        "Face": {
            "1639886141.3914146": "a",
            "1639886148.7351205": "z",
            "1639886155.975067": "d",
            "1639886163.0757067": "a",
            "1639886171.7647521": "b",
            "1639886179.061284": "e",
            "1639886186.2605782": "d",
            "1639886193.5254724": "e",
            "1639886200.634804": "e",
            "1639886207.747766": "a",
            "1639886214.833068": "e",
            "1639886222.0275335": "e",
            "1639886229.1576838": "a",
            "1639886236.2493448": "a",
            "1639886243.3137357": "a",
            "1639886250.4747903": "d",
            "1639886257.6326323": "e",
            "1639886264.7333162": "d",
            "1639886271.8118422": "d",
            "1639886279.0369105": "a",
            "1639886286.150757": "d",
            "1639886293.308339": "a",
            "1639886300.4595935": "e",
            "1639886308.232382": "a",
            "1639886315.3512847": "d",
            "1639886322.9831374": "d",
            "1639886330.3637717": "d",
            "1639886337.616568": "d",
            "1639886345.5462613": "b",
            "1639886354.9269152": "d",
            "1639886366.9627278": "e",
            "1639886374.1820965": "a",
            "1639886381.2882159": "a",
            "1639886388.4824243": "d",
            "1639886396.011343": "d",
            "1639886403.6887872": "d",
            "1639886415.0495145": "d",
            "1639886422.2757375": "z",
            "1639886432.3780284": "e",
            "1639886439.4494355": "a",
            "1639886446.5307026": "z",
            "1639887456.7898514": "b",
            "1639887463.8587797": "d",
            "1639887471.0079174": "d",
            "1639887478.106645": "b",
            "1639887485.1595674": "z",
            "1639887490.0837731": "a",
            "1639887497.162369": "a",
            "1639887504.2535188": "a",
            "1639887511.3243082": "a",
            "1639887518.3847346": "a",
            "1639887525.4659061": "b",
            "1639887532.557876": "b"
        }
    }
}